-- phpMyAdmin SQL Dump
-- version 4.0.10.7
-- http://www.phpmyadmin.net
--
-- Inang: localhost
-- Waktu pembuatan: 28 Feb 2015 pada 18.56
-- Versi Server: 5.5.42-cll
-- Versi PHP: 5.4.23

SET SQL_MODE = "NO_AUTO_VALUE_ON_ZERO";
SET time_zone = "+00:00";


/*!40101 SET @OLD_CHARACTER_SET_CLIENT=@@CHARACTER_SET_CLIENT */;
/*!40101 SET @OLD_CHARACTER_SET_RESULTS=@@CHARACTER_SET_RESULTS */;
/*!40101 SET @OLD_COLLATION_CONNECTION=@@COLLATION_CONNECTION */;
/*!40101 SET NAMES utf8 */;

--
-- Basis data: `technoco_eec_db`
--

-- --------------------------------------------------------

--
-- Struktur dari tabel `exams`
--

CREATE TABLE IF NOT EXISTS `exams` (
  `id` int(10) unsigned NOT NULL AUTO_INCREMENT,
  `session` int(11) NOT NULL,
  `participant_id` int(11) NOT NULL,
  `qpackage_id` int(11) NOT NULL,
  `start_time` datetime DEFAULT NULL,
  `end_time` datetime DEFAULT NULL,
  `score` int(11) DEFAULT NULL,
  `score_true` int(11) DEFAULT NULL,
  `score_null` int(11) DEFAULT NULL,
  `score_false` int(11) DEFAULT NULL,
  PRIMARY KEY (`id`)
) ENGINE=MyISAM  DEFAULT CHARSET=utf8 COLLATE=utf8_unicode_ci AUTO_INCREMENT=26 ;

--
-- Dumping data untuk tabel `exams`
--

INSERT INTO `exams` (`id`, `session`, `participant_id`, `qpackage_id`, `start_time`, `end_time`, `score`, `score_true`, `score_null`, `score_false`) VALUES
(13, 0, 15, 16, NULL, NULL, NULL, NULL, NULL, NULL),
(8, 3, 13, 11, '2015-02-28 13:08:29', '2015-02-28 15:08:29', 48, 12, 108, 0),
(9, 3, 11, 12, '2015-02-28 13:17:50', '2015-02-28 15:17:50', 6, 18, 36, 66),
(10, 3, 5, 13, '2015-02-28 13:18:50', '2015-02-28 15:18:50', 5, 25, 0, 95),
(11, 0, 6, 14, NULL, NULL, NULL, NULL, NULL, NULL),
(14, 3, 16, 17, '2015-02-28 15:31:50', '2015-02-28 17:31:50', 34, 30, 4, 86),
(15, 1, 24, 18, '2015-02-28 15:32:02', '2015-02-28 17:32:02', NULL, NULL, NULL, NULL),
(16, 3, 23, 19, '2015-02-28 15:39:37', '2015-02-28 17:39:37', -24, 19, 1, 100),
(17, 1, 22, 20, '2015-02-28 15:35:48', '2015-02-28 17:35:48', NULL, NULL, NULL, NULL),
(18, 3, 25, 21, '2015-02-28 15:38:57', '2015-02-28 17:38:57', 13, 26, 3, 91),
(19, 3, 4, 22, '2015-02-28 15:41:05', '2015-02-28 17:41:05', 15, 26, 5, 89),
(20, 3, 19, 23, '2015-02-28 15:44:46', '2015-02-28 17:44:46', 7, 20, 27, 73),
(21, 1, 18, 24, '2015-02-28 15:48:00', '2015-02-28 17:48:00', NULL, NULL, NULL, NULL),
(22, 3, 17, 25, '2015-02-28 16:06:16', '2015-02-28 18:06:16', 10, 4, 110, 6),
(23, 3, 9, 26, '2015-02-28 16:14:00', '2015-02-28 18:14:00', 5, 9, 80, 31),
(24, 1, 20, 27, '2015-02-28 16:15:48', '2015-02-28 18:15:48', NULL, NULL, NULL, NULL),
(25, 1, 10, 28, '2015-02-28 16:29:13', '2015-02-28 18:29:13', NULL, NULL, NULL, NULL);

-- --------------------------------------------------------

--
-- Struktur dari tabel `exam_answer`
--

CREATE TABLE IF NOT EXISTS `exam_answer` (
  `id` int(10) unsigned NOT NULL AUTO_INCREMENT,
  `exam_id` int(11) NOT NULL,
  `question_id` int(11) NOT NULL,
  `answer` char(1) COLLATE utf8_unicode_ci NOT NULL,
  PRIMARY KEY (`id`)
) ENGINE=MyISAM  DEFAULT CHARSET=utf8 COLLATE=utf8_unicode_ci AUTO_INCREMENT=985 ;

--
-- Dumping data untuk tabel `exam_answer`
--

INSERT INTO `exam_answer` (`id`, `exam_id`, `question_id`, `answer`) VALUES
(21, 5, 146, 'A'),
(22, 5, 139, 'A'),
(23, 5, 142, 'A'),
(24, 5, 199, 'A'),
(25, 5, 197, 'A'),
(26, 6, 139, 'A'),
(27, 6, 146, 'A'),
(28, 6, 142, 'A'),
(29, 8, 212, 'E'),
(30, 8, 220, 'E'),
(31, 8, 211, 'A'),
(32, 8, 248, 'B'),
(33, 8, 139, 'A'),
(34, 8, 219, 'D'),
(35, 8, 225, 'C'),
(36, 8, 223, 'A'),
(37, 8, 150, 'D'),
(38, 8, 136, 'C'),
(39, 8, 245, 'C'),
(40, 8, 246, 'C'),
(41, 7, 139, 'A'),
(42, 7, 146, 'A'),
(43, 7, 142, 'A'),
(44, 9, 217, 'A'),
(45, 9, 224, 'C'),
(46, 9, 230, 'D'),
(47, 9, 211, 'A'),
(48, 9, 213, 'E'),
(49, 9, 148, 'B'),
(50, 9, 251, 'C'),
(51, 9, 136, 'D'),
(52, 9, 138, 'A'),
(53, 9, 147, 'C'),
(54, 9, 221, 'E'),
(55, 9, 149, 'B'),
(56, 9, 145, 'A'),
(57, 9, 236, 'B'),
(58, 9, 139, 'E'),
(59, 9, 246, 'C'),
(60, 9, 137, 'B'),
(61, 9, 252, 'D'),
(62, 9, 223, 'A'),
(63, 9, 146, 'D'),
(64, 9, 248, 'A'),
(65, 9, 240, 'D'),
(66, 9, 243, 'B'),
(67, 9, 215, 'A'),
(68, 9, 218, 'D'),
(69, 9, 249, 'A'),
(70, 9, 141, 'B'),
(71, 9, 245, 'D'),
(72, 9, 247, 'B'),
(73, 9, 222, 'D'),
(74, 9, 219, 'B'),
(75, 9, 220, 'E'),
(76, 9, 242, 'A'),
(77, 9, 150, 'C'),
(78, 9, 140, 'B'),
(79, 9, 214, 'B'),
(80, 9, 212, 'B'),
(81, 9, 216, 'B'),
(82, 9, 244, 'B'),
(83, 9, 225, 'B'),
(84, 9, 143, 'C'),
(85, 9, 142, 'E'),
(86, 9, 253, 'D'),
(87, 9, 144, 'A'),
(88, 10, 144, 'B'),
(89, 10, 249, 'E'),
(90, 10, 221, 'D'),
(91, 10, 145, 'C'),
(92, 10, 217, 'A'),
(93, 10, 225, 'B'),
(94, 10, 216, 'B'),
(95, 10, 240, 'B'),
(96, 10, 244, 'B'),
(97, 10, 214, 'B'),
(98, 10, 248, 'B'),
(99, 10, 139, 'B'),
(100, 10, 253, 'B'),
(101, 10, 218, 'B'),
(102, 10, 211, 'A'),
(103, 10, 148, 'C'),
(104, 10, 212, 'E'),
(105, 10, 138, 'B'),
(106, 10, 213, 'B'),
(107, 10, 224, 'B'),
(108, 10, 242, 'B'),
(109, 10, 149, 'B'),
(110, 10, 150, 'B'),
(111, 10, 146, 'B'),
(112, 10, 247, 'B'),
(113, 10, 243, 'B'),
(114, 10, 236, 'B'),
(115, 10, 251, 'B'),
(116, 10, 142, 'B'),
(117, 10, 143, 'B'),
(118, 10, 215, 'B'),
(119, 10, 136, 'B'),
(120, 10, 245, 'B'),
(121, 10, 246, 'B'),
(122, 10, 252, 'B'),
(123, 10, 220, 'B'),
(124, 10, 250, 'B'),
(125, 10, 137, 'B'),
(126, 10, 147, 'B'),
(127, 10, 141, 'B'),
(128, 10, 230, 'B'),
(129, 10, 223, 'B'),
(130, 10, 140, 'B'),
(131, 10, 219, 'B'),
(132, 10, 222, 'B'),
(133, 10, 179, 'A'),
(134, 10, 187, 'D'),
(135, 10, 231, 'B'),
(136, 10, 177, 'B'),
(137, 10, 227, 'B'),
(138, 10, 232, 'B'),
(139, 10, 181, 'B'),
(140, 10, 182, 'B'),
(141, 10, 191, 'B'),
(142, 10, 241, 'B'),
(143, 10, 203, 'B'),
(144, 10, 229, 'B'),
(145, 10, 207, 'B'),
(146, 10, 202, 'B'),
(147, 10, 233, 'B'),
(148, 10, 201, 'B'),
(149, 10, 255, 'B'),
(150, 10, 192, 'B'),
(151, 10, 226, 'B'),
(152, 10, 254, 'B'),
(153, 10, 189, 'B'),
(154, 10, 184, 'B'),
(155, 10, 180, 'B'),
(156, 10, 239, 'B'),
(157, 10, 228, 'B'),
(158, 10, 176, 'B'),
(159, 10, 235, 'B'),
(160, 10, 195, 'B'),
(161, 10, 208, 'B'),
(162, 10, 185, 'B'),
(163, 10, 178, 'B'),
(164, 10, 204, 'B'),
(165, 10, 193, 'B'),
(166, 10, 238, 'B'),
(167, 10, 199, 'B'),
(168, 10, 194, 'B'),
(169, 10, 205, 'B'),
(170, 10, 200, 'B'),
(171, 10, 234, 'B'),
(172, 10, 196, 'B'),
(173, 7, 199, 'A'),
(174, 9, 180, 'C'),
(175, 9, 226, 'C'),
(176, 9, 231, 'E'),
(177, 9, 208, 'A'),
(178, 9, 179, 'D'),
(179, 9, 187, 'A'),
(180, 9, 191, 'D'),
(181, 9, 184, 'E'),
(182, 9, 185, 'A'),
(183, 9, 205, 'D'),
(184, 9, 177, 'E'),
(185, 9, 202, 'A'),
(186, 9, 203, 'D'),
(187, 9, 228, 'B'),
(188, 9, 196, 'A'),
(189, 9, 255, 'D'),
(190, 9, 239, 'C'),
(191, 9, 234, 'E'),
(192, 9, 201, 'A'),
(193, 9, 182, 'B'),
(194, 9, 199, 'D'),
(195, 9, 178, 'C'),
(196, 9, 241, 'A'),
(197, 9, 192, 'E'),
(198, 9, 194, 'C'),
(199, 9, 204, 'D'),
(200, 9, 189, 'B'),
(201, 9, 229, 'A'),
(202, 9, 235, 'C'),
(203, 9, 200, 'D'),
(204, 9, 232, 'E'),
(205, 9, 238, 'C'),
(206, 9, 254, 'A'),
(207, 9, 207, 'B'),
(208, 9, 195, 'B'),
(209, 9, 193, 'D'),
(210, 9, 233, 'C'),
(211, 9, 181, 'E'),
(212, 9, 227, 'C'),
(213, 9, 176, 'C'),
(214, 10, 126, 'A'),
(215, 10, 156, 'B'),
(216, 10, 134, 'B'),
(217, 10, 174, 'B'),
(218, 10, 155, 'B'),
(219, 10, 131, 'B'),
(220, 10, 132, 'B'),
(221, 10, 135, 'B'),
(222, 10, 128, 'B'),
(223, 10, 154, 'B'),
(224, 10, 152, 'B'),
(225, 10, 157, 'B'),
(226, 10, 158, 'B'),
(227, 10, 151, 'B'),
(228, 10, 127, 'B'),
(229, 10, 153, 'B'),
(230, 10, 175, 'B'),
(231, 10, 130, 'B'),
(232, 10, 159, 'B'),
(233, 10, 160, 'B'),
(234, 10, 161, 'B'),
(235, 10, 162, 'B'),
(236, 10, 163, 'B'),
(237, 10, 165, 'B'),
(238, 10, 164, 'B'),
(239, 10, 169, 'B'),
(240, 10, 166, 'B'),
(241, 10, 167, 'B'),
(242, 10, 168, 'B'),
(243, 10, 170, 'B'),
(244, 10, 171, 'B'),
(245, 10, 172, 'B'),
(246, 10, 129, 'B'),
(247, 10, 133, 'B'),
(248, 10, 173, 'B'),
(249, 9, 159, 'E'),
(250, 9, 134, 'B'),
(251, 9, 156, 'B'),
(252, 9, 175, 'D'),
(253, 9, 130, 'B'),
(254, 9, 131, 'E'),
(255, 9, 132, 'A'),
(256, 9, 153, 'A'),
(257, 9, 173, 'C'),
(258, 9, 174, 'E'),
(259, 9, 128, 'C'),
(260, 9, 158, 'A'),
(261, 9, 126, 'C'),
(262, 9, 135, 'D'),
(263, 9, 155, 'A'),
(264, 9, 151, 'D'),
(265, 9, 166, 'E'),
(266, 9, 129, 'D'),
(267, 9, 152, 'D'),
(268, 9, 160, 'D'),
(269, 9, 161, 'C'),
(270, 9, 162, 'C'),
(271, 9, 163, 'A'),
(272, 9, 165, 'A'),
(273, 9, 164, 'E'),
(274, 9, 169, 'C'),
(275, 9, 133, 'C'),
(276, 9, 167, 'A'),
(277, 9, 168, 'E'),
(278, 9, 170, 'C'),
(279, 9, 171, 'D'),
(280, 9, 172, 'E'),
(281, 9, 127, 'D'),
(282, 9, 154, 'C'),
(283, 9, 157, 'D'),
(284, 14, 246, 'C'),
(285, 14, 143, 'C'),
(286, 14, 245, 'A'),
(287, 14, 212, 'C'),
(288, 14, 148, 'C'),
(289, 14, 220, 'D'),
(290, 14, 218, 'C'),
(291, 14, 236, 'E'),
(292, 14, 253, 'A'),
(293, 14, 147, 'A'),
(294, 14, 219, 'B'),
(295, 14, 144, 'D'),
(296, 14, 216, 'A'),
(297, 14, 146, 'D'),
(298, 14, 211, 'A'),
(299, 14, 251, 'D'),
(300, 14, 250, 'B'),
(301, 14, 223, 'B'),
(302, 14, 214, 'B'),
(303, 14, 248, 'D'),
(304, 14, 217, 'B'),
(305, 14, 215, 'B'),
(306, 14, 242, 'C'),
(307, 14, 240, 'C'),
(308, 14, 244, 'A'),
(309, 14, 139, 'C'),
(310, 14, 249, 'D'),
(311, 14, 150, 'E'),
(312, 14, 222, 'D'),
(313, 14, 136, 'C'),
(314, 14, 243, 'D'),
(315, 14, 140, 'E'),
(316, 14, 145, 'B'),
(317, 14, 230, 'C'),
(318, 14, 224, 'D'),
(319, 14, 142, 'B'),
(320, 14, 225, 'C'),
(321, 14, 213, 'D'),
(322, 14, 141, 'E'),
(323, 14, 149, 'C'),
(324, 14, 138, 'C'),
(325, 14, 221, 'A'),
(326, 14, 202, 'B'),
(327, 14, 195, 'A'),
(328, 14, 234, 'D'),
(329, 14, 203, 'C'),
(330, 14, 194, 'E'),
(331, 14, 226, 'C'),
(332, 14, 191, 'C'),
(333, 14, 181, 'D'),
(334, 14, 254, 'B'),
(335, 14, 182, 'C'),
(336, 14, 227, 'D'),
(337, 14, 192, 'D'),
(338, 14, 193, 'C'),
(339, 14, 180, 'B'),
(340, 14, 228, 'B'),
(341, 14, 196, 'C'),
(342, 14, 205, 'B'),
(343, 14, 255, 'B'),
(344, 14, 176, 'D'),
(345, 14, 231, 'C'),
(346, 14, 179, 'B'),
(347, 14, 178, 'D'),
(348, 14, 200, 'A'),
(349, 14, 199, 'A'),
(350, 14, 239, 'B'),
(351, 14, 189, 'C'),
(352, 14, 241, 'C'),
(353, 14, 184, 'A'),
(354, 14, 201, 'B'),
(355, 14, 177, 'C'),
(356, 14, 232, 'A'),
(357, 14, 207, 'B'),
(358, 14, 187, 'B'),
(359, 14, 229, 'A'),
(360, 14, 233, 'B'),
(361, 14, 185, 'C'),
(362, 14, 208, 'B'),
(363, 14, 235, 'B'),
(364, 14, 238, 'B'),
(365, 14, 204, 'B'),
(366, 18, 246, 'A'),
(367, 18, 240, 'A'),
(368, 18, 219, 'E'),
(369, 18, 221, 'C'),
(370, 18, 137, 'C'),
(371, 18, 252, 'D'),
(372, 18, 244, 'C'),
(373, 18, 140, 'A'),
(374, 18, 145, 'E'),
(375, 18, 243, 'C'),
(376, 18, 214, 'D'),
(377, 18, 249, 'B'),
(378, 18, 146, 'D'),
(379, 18, 247, 'D'),
(380, 18, 148, 'A'),
(381, 18, 224, 'B'),
(382, 18, 253, 'E'),
(383, 18, 245, 'E'),
(384, 18, 150, 'A'),
(385, 18, 223, 'C'),
(386, 18, 218, 'A'),
(387, 18, 212, 'A'),
(388, 18, 147, 'A'),
(389, 18, 220, 'E'),
(390, 18, 248, 'E'),
(391, 18, 143, 'E'),
(392, 18, 213, 'E'),
(393, 18, 211, 'A'),
(394, 18, 222, 'E'),
(395, 18, 144, 'E'),
(396, 18, 216, 'C'),
(397, 18, 251, 'A'),
(398, 18, 136, 'A'),
(399, 18, 236, 'C'),
(400, 18, 242, 'B'),
(401, 18, 250, 'B'),
(402, 18, 138, 'C'),
(403, 18, 141, 'D'),
(404, 18, 217, 'D'),
(405, 18, 142, 'E'),
(406, 18, 215, 'C'),
(407, 18, 225, 'A'),
(408, 18, 149, 'A'),
(409, 18, 230, 'A'),
(410, 18, 139, 'A'),
(411, 14, 154, 'C'),
(412, 14, 153, 'B'),
(413, 14, 158, 'D'),
(414, 14, 157, 'E'),
(415, 14, 135, 'A'),
(416, 14, 131, 'C'),
(417, 14, 132, 'B'),
(418, 14, 159, 'D'),
(419, 14, 155, 'C'),
(420, 14, 126, 'D'),
(421, 14, 174, 'B'),
(422, 14, 130, 'E'),
(423, 14, 127, 'C'),
(424, 14, 128, 'D'),
(425, 14, 173, 'C'),
(426, 14, 156, 'E'),
(427, 14, 133, 'C'),
(428, 14, 152, 'C'),
(429, 14, 160, 'A'),
(430, 14, 161, 'E'),
(431, 14, 162, 'C'),
(432, 14, 163, 'B'),
(433, 14, 164, 'B'),
(434, 14, 165, 'C'),
(435, 14, 166, 'B'),
(436, 14, 167, 'B'),
(437, 14, 168, 'A'),
(438, 14, 169, 'C'),
(439, 14, 170, 'C'),
(440, 14, 171, 'A'),
(441, 14, 172, 'C'),
(442, 14, 129, 'C'),
(443, 14, 175, 'C'),
(444, 14, 134, 'A'),
(445, 19, 147, 'E'),
(446, 19, 136, 'C'),
(447, 19, 140, 'B'),
(448, 19, 141, 'E'),
(449, 19, 214, 'B'),
(450, 19, 143, 'D'),
(451, 19, 243, 'D'),
(452, 19, 150, 'C'),
(453, 19, 212, 'B'),
(454, 19, 149, 'E'),
(455, 19, 215, 'E'),
(456, 19, 249, 'A'),
(457, 19, 252, 'C'),
(458, 19, 139, 'D'),
(459, 19, 142, 'D'),
(460, 19, 222, 'A'),
(461, 19, 253, 'C'),
(462, 19, 242, 'E'),
(463, 19, 217, 'B'),
(464, 19, 138, 'B'),
(465, 19, 137, 'E'),
(466, 19, 244, 'D'),
(467, 19, 211, 'B'),
(468, 19, 223, 'B'),
(469, 19, 218, 'C'),
(470, 19, 146, 'B'),
(471, 19, 213, 'D'),
(472, 19, 216, 'B'),
(473, 19, 240, 'E'),
(474, 19, 221, 'A'),
(475, 19, 236, 'B'),
(476, 19, 250, 'E'),
(477, 19, 251, 'C'),
(478, 19, 148, 'C'),
(479, 19, 245, 'D'),
(480, 19, 220, 'C'),
(481, 19, 145, 'E'),
(482, 19, 248, 'E'),
(483, 19, 219, 'C'),
(484, 19, 144, 'B'),
(485, 19, 224, 'A'),
(486, 19, 247, 'D'),
(487, 19, 230, 'C'),
(488, 19, 246, 'C'),
(489, 19, 225, 'A'),
(490, 19, 241, 'A'),
(491, 19, 196, 'B'),
(492, 19, 201, 'A'),
(493, 19, 228, 'D'),
(494, 19, 176, 'E'),
(495, 19, 226, 'A'),
(496, 19, 185, 'C'),
(497, 19, 202, 'A'),
(498, 19, 207, 'A'),
(499, 19, 179, 'D'),
(500, 19, 199, 'D'),
(501, 19, 235, 'C'),
(502, 19, 200, 'E'),
(503, 19, 231, 'E'),
(504, 19, 178, 'D'),
(505, 19, 184, 'A'),
(506, 19, 182, 'A'),
(507, 19, 255, 'E'),
(508, 19, 192, 'C'),
(509, 19, 229, 'E'),
(510, 19, 181, 'E'),
(511, 19, 189, 'D'),
(512, 19, 204, 'A'),
(513, 19, 254, 'B'),
(514, 19, 180, 'C'),
(515, 19, 194, 'D'),
(516, 19, 205, 'D'),
(517, 19, 238, 'E'),
(518, 19, 232, 'D'),
(519, 19, 177, 'C'),
(520, 19, 239, 'B'),
(521, 19, 234, 'D'),
(522, 19, 191, 'C'),
(523, 19, 208, 'A'),
(524, 19, 233, 'B'),
(525, 19, 195, 'C'),
(526, 19, 193, 'C'),
(527, 19, 187, 'B'),
(528, 19, 227, 'C'),
(529, 19, 203, 'E'),
(530, 18, 194, 'A'),
(531, 18, 177, 'A'),
(532, 18, 181, 'C'),
(533, 18, 241, 'A'),
(534, 18, 203, 'B'),
(535, 18, 200, 'A'),
(536, 18, 229, 'C'),
(537, 18, 226, 'D'),
(538, 18, 231, 'D'),
(539, 18, 185, 'A'),
(540, 18, 180, 'A'),
(541, 18, 201, 'E'),
(542, 18, 238, 'E'),
(543, 18, 234, 'E'),
(544, 18, 204, 'E'),
(545, 18, 228, 'E'),
(546, 18, 189, 'E'),
(547, 18, 205, 'E'),
(548, 18, 193, 'B'),
(549, 18, 182, 'D'),
(550, 18, 208, 'D'),
(551, 18, 196, 'C'),
(552, 18, 192, 'D'),
(553, 18, 191, 'A'),
(554, 18, 255, 'E'),
(555, 18, 235, 'A'),
(556, 18, 184, 'A'),
(557, 18, 179, 'B'),
(558, 18, 232, 'A'),
(559, 18, 195, 'A'),
(560, 18, 199, 'A'),
(561, 18, 239, 'C'),
(562, 18, 254, 'A'),
(563, 18, 187, 'A'),
(564, 18, 202, 'A'),
(565, 18, 227, 'E'),
(566, 18, 207, 'E'),
(567, 18, 176, 'D'),
(568, 18, 233, 'E'),
(569, 18, 152, 'A'),
(570, 18, 129, 'C'),
(571, 18, 174, 'D'),
(572, 18, 175, 'A'),
(573, 18, 126, 'A'),
(574, 18, 131, 'A'),
(575, 18, 132, 'E'),
(576, 18, 130, 'C'),
(577, 18, 166, 'A'),
(578, 18, 157, 'E'),
(579, 18, 156, 'A'),
(580, 18, 127, 'A'),
(581, 18, 153, 'E'),
(582, 18, 128, 'D'),
(583, 18, 133, 'A'),
(584, 18, 159, 'D'),
(585, 18, 154, 'A'),
(586, 18, 158, 'E'),
(587, 18, 160, 'A'),
(588, 18, 162, 'C'),
(589, 18, 163, 'E'),
(590, 18, 164, 'E'),
(591, 18, 165, 'E'),
(592, 18, 151, 'B'),
(593, 18, 167, 'A'),
(594, 18, 168, 'E'),
(595, 18, 169, 'D'),
(596, 18, 170, 'C'),
(597, 18, 171, 'A'),
(598, 18, 172, 'C'),
(599, 18, 134, 'B'),
(600, 18, 155, 'B'),
(601, 18, 135, 'C'),
(602, 19, 130, 'D'),
(603, 19, 152, 'A'),
(604, 19, 174, 'D'),
(605, 19, 166, 'B'),
(606, 19, 154, 'B'),
(607, 19, 131, 'D'),
(608, 19, 132, 'B'),
(609, 19, 158, 'C'),
(610, 19, 135, 'B'),
(611, 19, 175, 'D'),
(612, 19, 156, 'A'),
(613, 19, 128, 'C'),
(614, 19, 173, 'D'),
(615, 19, 155, 'C'),
(616, 19, 157, 'C'),
(617, 19, 159, 'E'),
(618, 19, 153, 'B'),
(619, 19, 160, 'C'),
(620, 19, 164, 'C'),
(621, 19, 165, 'A'),
(622, 19, 129, 'B'),
(623, 19, 167, 'D'),
(624, 19, 168, 'B'),
(625, 19, 169, 'C'),
(626, 19, 170, 'D'),
(627, 19, 171, 'C'),
(628, 19, 172, 'E'),
(629, 19, 151, 'A'),
(630, 19, 126, 'C'),
(631, 19, 134, 'C'),
(632, 16, 212, 'D'),
(633, 16, 136, 'C'),
(634, 16, 147, 'B'),
(635, 16, 222, 'C'),
(636, 16, 251, 'C'),
(637, 16, 141, 'C'),
(638, 16, 242, 'D'),
(639, 16, 215, 'B'),
(640, 16, 249, 'A'),
(641, 16, 240, 'B'),
(642, 16, 213, 'B'),
(643, 16, 220, 'B'),
(644, 16, 245, 'B'),
(645, 16, 214, 'D'),
(646, 16, 146, 'C'),
(647, 16, 217, 'C'),
(648, 16, 218, 'B'),
(649, 16, 142, 'A'),
(650, 16, 143, 'B'),
(651, 16, 230, 'B'),
(652, 16, 140, 'A'),
(653, 16, 144, 'B'),
(654, 16, 149, 'B'),
(655, 16, 247, 'B'),
(656, 16, 252, 'B'),
(657, 16, 224, 'B'),
(658, 16, 148, 'B'),
(659, 16, 139, 'B'),
(660, 16, 145, 'D'),
(661, 16, 246, 'B'),
(662, 16, 225, 'B'),
(663, 16, 253, 'B'),
(664, 16, 236, 'B'),
(665, 16, 150, 'B'),
(666, 16, 211, 'B'),
(667, 16, 250, 'B'),
(668, 16, 216, 'C'),
(669, 16, 219, 'B'),
(670, 16, 221, 'B'),
(671, 16, 223, 'B'),
(672, 16, 248, 'C'),
(673, 16, 138, 'D'),
(674, 16, 137, 'C'),
(675, 16, 243, 'B'),
(676, 16, 244, 'B'),
(677, 15, 252, 'B'),
(678, 16, 232, 'B'),
(679, 16, 227, 'D'),
(680, 16, 185, 'A'),
(681, 16, 193, 'C'),
(682, 16, 191, 'C'),
(683, 16, 235, 'A'),
(684, 16, 203, 'E'),
(685, 16, 208, 'C'),
(686, 16, 238, 'B'),
(687, 16, 176, 'B'),
(688, 16, 184, 'C'),
(689, 16, 233, 'B'),
(690, 16, 239, 'B'),
(691, 16, 180, 'B'),
(692, 16, 254, 'B'),
(693, 16, 182, 'D'),
(694, 16, 207, 'B'),
(695, 16, 199, 'C'),
(696, 16, 177, 'B'),
(697, 16, 200, 'A'),
(698, 16, 255, 'A'),
(699, 16, 189, 'A'),
(700, 16, 228, 'B'),
(701, 16, 187, 'C'),
(702, 16, 204, 'B'),
(703, 16, 229, 'B'),
(704, 16, 205, 'C'),
(705, 16, 241, 'A'),
(706, 16, 181, 'C'),
(707, 16, 194, 'D'),
(708, 16, 202, 'B'),
(709, 16, 231, 'B'),
(710, 16, 234, 'C'),
(711, 16, 178, 'E'),
(712, 16, 201, 'B'),
(713, 16, 196, 'B'),
(714, 16, 226, 'C'),
(715, 16, 179, 'C'),
(716, 16, 192, 'B'),
(717, 16, 195, 'B'),
(718, 16, 159, 'C'),
(719, 16, 175, 'B'),
(720, 16, 151, 'B'),
(721, 16, 155, 'B'),
(722, 16, 152, 'C'),
(723, 16, 131, 'D'),
(724, 16, 132, 'C'),
(725, 16, 135, 'B'),
(726, 16, 153, 'D'),
(727, 16, 158, 'B'),
(728, 16, 130, 'E'),
(729, 16, 173, 'A'),
(730, 16, 154, 'B'),
(731, 16, 134, 'B'),
(732, 16, 129, 'C'),
(733, 16, 127, 'B'),
(734, 16, 133, 'B'),
(735, 16, 166, 'C'),
(736, 16, 128, 'B'),
(737, 16, 160, 'B'),
(738, 16, 161, 'B'),
(739, 16, 162, 'B'),
(740, 16, 163, 'A'),
(741, 16, 164, 'B'),
(742, 16, 165, 'B'),
(743, 16, 157, 'C'),
(744, 16, 167, 'C'),
(745, 16, 168, 'B'),
(746, 16, 169, 'C'),
(747, 16, 170, 'B'),
(748, 16, 171, 'D'),
(749, 16, 174, 'C'),
(750, 16, 126, 'C'),
(751, 16, 156, 'C'),
(752, 20, 252, 'B'),
(753, 20, 236, 'E'),
(754, 20, 223, 'B'),
(755, 20, 218, 'C'),
(756, 20, 140, 'E'),
(757, 20, 215, 'B'),
(758, 20, 245, 'A'),
(759, 20, 144, 'D'),
(760, 20, 244, 'A'),
(761, 20, 214, 'B'),
(762, 20, 145, 'B'),
(763, 20, 246, 'C'),
(764, 20, 230, 'C'),
(765, 20, 225, 'C'),
(766, 20, 139, 'C'),
(767, 20, 220, 'D'),
(768, 20, 250, 'B'),
(769, 20, 240, 'C'),
(770, 20, 222, 'D'),
(771, 20, 147, 'A'),
(772, 20, 138, 'C'),
(773, 20, 213, 'D'),
(774, 20, 141, 'E'),
(775, 20, 211, 'A'),
(776, 20, 251, 'D'),
(777, 20, 243, 'D'),
(778, 20, 217, 'B'),
(779, 20, 150, 'E'),
(780, 20, 146, 'D'),
(781, 20, 224, 'D'),
(782, 20, 136, 'C'),
(783, 20, 249, 'D'),
(784, 20, 143, 'C'),
(785, 20, 253, 'A'),
(786, 20, 212, 'C'),
(787, 20, 248, 'D'),
(788, 20, 219, 'B'),
(789, 20, 242, 'C'),
(790, 20, 142, 'B'),
(791, 20, 221, 'A'),
(792, 20, 148, 'C'),
(793, 20, 216, 'A'),
(794, 20, 149, 'C'),
(795, 20, 155, 'E'),
(796, 20, 128, 'D'),
(797, 20, 175, 'D'),
(798, 20, 157, 'E'),
(799, 20, 153, 'B'),
(800, 20, 131, 'C'),
(801, 20, 132, 'B'),
(802, 20, 135, 'A'),
(803, 20, 174, 'B'),
(804, 20, 151, 'B'),
(805, 20, 127, 'C'),
(806, 20, 126, 'D'),
(807, 20, 173, 'C'),
(808, 20, 133, 'C'),
(809, 20, 129, 'C'),
(810, 20, 154, 'C'),
(811, 20, 159, 'D'),
(812, 20, 166, 'B'),
(813, 20, 130, 'E'),
(814, 20, 160, 'A'),
(815, 20, 161, 'E'),
(816, 20, 162, 'C'),
(817, 20, 163, 'B'),
(818, 20, 164, 'B'),
(819, 20, 165, 'C'),
(820, 20, 134, 'A'),
(821, 20, 167, 'B'),
(822, 20, 168, 'A'),
(823, 20, 169, 'C'),
(824, 20, 170, 'C'),
(825, 20, 171, 'A'),
(826, 20, 172, 'C'),
(827, 20, 158, 'D'),
(828, 20, 156, 'E'),
(829, 20, 152, 'C'),
(830, 20, 180, 'C'),
(831, 20, 229, 'C'),
(832, 20, 201, 'C'),
(833, 20, 200, 'C'),
(834, 20, 202, 'C'),
(835, 20, 203, 'C'),
(836, 20, 234, 'C'),
(837, 20, 231, 'C'),
(838, 20, 181, 'C'),
(839, 20, 182, 'C'),
(840, 20, 232, 'C'),
(841, 20, 184, 'C'),
(842, 20, 189, 'A'),
(843, 20, 194, 'C'),
(844, 20, 254, 'C'),
(845, 23, 218, 'B'),
(846, 23, 136, 'C'),
(847, 23, 245, 'E'),
(848, 23, 150, 'E'),
(849, 23, 143, 'E'),
(850, 23, 247, 'C'),
(851, 23, 252, 'B'),
(852, 23, 145, 'D'),
(853, 23, 140, 'A'),
(854, 23, 251, 'B'),
(855, 23, 215, 'A'),
(856, 23, 253, 'C'),
(857, 23, 223, 'C'),
(858, 23, 240, 'C'),
(859, 23, 221, 'D'),
(860, 23, 243, 'C'),
(861, 23, 225, 'D'),
(862, 23, 147, 'A'),
(863, 23, 244, 'A'),
(864, 23, 139, 'A'),
(865, 23, 236, 'D'),
(866, 23, 249, 'A'),
(867, 23, 246, 'D'),
(868, 23, 214, 'A'),
(869, 23, 222, 'B'),
(870, 23, 242, 'B'),
(871, 23, 220, 'C'),
(872, 23, 146, 'A'),
(873, 23, 248, 'A'),
(874, 23, 217, 'E'),
(875, 23, 142, 'C'),
(876, 23, 211, 'D'),
(877, 23, 250, 'D'),
(878, 23, 213, 'E'),
(879, 23, 219, 'A'),
(880, 23, 137, 'A'),
(881, 23, 230, 'A'),
(882, 23, 144, 'B'),
(883, 23, 138, 'B'),
(884, 23, 141, 'B'),
(885, 22, 150, 'D'),
(886, 22, 143, 'B'),
(887, 22, 144, 'B'),
(888, 22, 222, 'B'),
(889, 22, 140, 'C'),
(890, 22, 148, 'A'),
(891, 22, 242, 'D'),
(892, 22, 247, 'D'),
(893, 22, 212, 'D'),
(894, 20, 193, 'B'),
(895, 20, 238, 'B'),
(896, 20, 195, 'A'),
(897, 20, 199, 'B'),
(898, 20, 208, 'B'),
(899, 22, 250, 'D'),
(900, 25, 236, 'D'),
(901, 25, 250, 'D'),
(902, 25, 244, 'A'),
(903, 25, 141, 'B'),
(904, 25, 146, 'A'),
(905, 25, 139, 'A'),
(906, 25, 249, 'A'),
(907, 25, 136, 'C'),
(908, 25, 253, 'C'),
(909, 25, 225, 'D'),
(910, 25, 142, 'C'),
(911, 25, 213, 'E'),
(912, 25, 211, 'D'),
(913, 25, 140, 'A'),
(914, 25, 240, 'C'),
(915, 25, 248, 'A'),
(916, 25, 150, 'E'),
(917, 25, 215, 'A'),
(918, 25, 221, 'D'),
(919, 25, 218, 'B'),
(920, 25, 222, 'B'),
(921, 25, 214, 'A'),
(922, 25, 219, 'A'),
(923, 25, 220, 'C'),
(924, 25, 243, 'C'),
(925, 25, 242, 'B'),
(926, 25, 251, 'B'),
(927, 25, 246, 'D'),
(928, 25, 217, 'E'),
(929, 25, 223, 'C'),
(930, 25, 230, 'A'),
(931, 25, 147, 'A'),
(932, 25, 245, 'E'),
(933, 25, 247, 'C'),
(934, 25, 143, 'E'),
(935, 25, 252, 'B'),
(936, 25, 138, 'B'),
(937, 25, 145, 'D'),
(938, 25, 144, 'B'),
(939, 25, 137, 'A'),
(940, 21, 245, 'C'),
(941, 21, 244, 'A'),
(942, 21, 246, 'C'),
(943, 21, 240, 'A'),
(944, 21, 222, 'C'),
(945, 21, 212, 'E'),
(946, 21, 141, 'B'),
(947, 21, 221, 'D'),
(948, 21, 243, 'D'),
(949, 21, 147, 'C'),
(950, 21, 247, 'E'),
(951, 21, 150, 'D'),
(952, 21, 215, 'C'),
(953, 21, 218, 'D'),
(954, 21, 219, 'D'),
(955, 21, 143, 'E'),
(956, 21, 225, 'C'),
(957, 21, 230, 'B'),
(958, 21, 248, 'B'),
(959, 21, 236, 'C'),
(960, 21, 211, 'A'),
(961, 21, 139, 'A'),
(962, 21, 144, 'D'),
(963, 21, 216, 'E'),
(964, 21, 217, 'D'),
(965, 21, 149, 'C'),
(966, 21, 146, 'A'),
(967, 21, 250, 'D'),
(968, 21, 251, 'C'),
(969, 21, 142, 'B'),
(970, 21, 138, 'B'),
(971, 21, 214, 'B'),
(972, 21, 213, 'C'),
(973, 21, 253, 'E'),
(974, 21, 242, 'D'),
(975, 21, 223, 'A'),
(976, 21, 137, 'C'),
(977, 21, 249, 'C'),
(978, 21, 220, 'E'),
(979, 21, 252, 'C'),
(980, 21, 136, 'C'),
(981, 21, 224, 'C'),
(982, 21, 140, 'C'),
(983, 21, 145, 'A'),
(984, 21, 148, 'B');

-- --------------------------------------------------------

--
-- Struktur dari tabel `migrations`
--

CREATE TABLE IF NOT EXISTS `migrations` (
  `migration` varchar(255) COLLATE utf8_unicode_ci NOT NULL,
  `batch` int(11) NOT NULL
) ENGINE=MyISAM DEFAULT CHARSET=utf8 COLLATE=utf8_unicode_ci;

-- --------------------------------------------------------

--
-- Struktur dari tabel `qpackages`
--

CREATE TABLE IF NOT EXISTS `qpackages` (
  `id` int(10) unsigned NOT NULL AUTO_INCREMENT,
  `exam_id` int(11) NOT NULL,
  `created_at` timestamp NOT NULL DEFAULT '0000-00-00 00:00:00',
  `updated_at` timestamp NOT NULL DEFAULT '0000-00-00 00:00:00',
  PRIMARY KEY (`id`)
) ENGINE=MyISAM  DEFAULT CHARSET=utf8 COLLATE=utf8_unicode_ci AUTO_INCREMENT=29 ;

--
-- Dumping data untuk tabel `qpackages`
--

INSERT INTO `qpackages` (`id`, `exam_id`, `created_at`, `updated_at`) VALUES
(4, 0, '2015-02-26 09:34:50', '2015-02-26 09:34:50'),
(5, 0, '2015-02-26 09:38:56', '2015-02-26 09:38:56'),
(6, 0, '2015-02-26 10:22:56', '2015-02-26 10:22:56'),
(7, 4, '2015-02-26 11:09:38', '2015-02-26 11:09:38'),
(8, 5, '2015-02-27 13:51:03', '2015-02-27 13:51:03'),
(9, 6, '2015-02-27 14:28:34', '2015-02-27 14:28:34'),
(10, 7, '2015-02-27 18:07:13', '2015-02-27 18:07:13'),
(11, 8, '2015-02-28 06:08:08', '2015-02-28 06:08:09'),
(12, 9, '2015-02-28 06:17:39', '2015-02-28 06:17:39'),
(13, 10, '2015-02-28 06:18:38', '2015-02-28 06:18:39'),
(14, 11, '2015-02-28 06:29:57', '2015-02-28 06:29:57'),
(15, 12, '2015-02-28 06:58:06', '2015-02-28 06:58:06'),
(16, 13, '2015-02-28 07:29:18', '2015-02-28 07:29:18'),
(17, 14, '2015-02-28 08:31:42', '2015-02-28 08:31:43'),
(18, 15, '2015-02-28 08:31:59', '2015-02-28 08:31:59'),
(19, 16, '2015-02-28 08:32:10', '2015-02-28 08:32:10'),
(20, 17, '2015-02-28 08:35:17', '2015-02-28 08:35:17'),
(21, 18, '2015-02-28 08:37:29', '2015-02-28 08:37:29'),
(22, 19, '2015-02-28 08:40:53', '2015-02-28 08:40:54'),
(23, 20, '2015-02-28 08:44:29', '2015-02-28 08:44:29'),
(24, 21, '2015-02-28 08:45:29', '2015-02-28 08:45:29'),
(25, 22, '2015-02-28 09:06:05', '2015-02-28 09:06:05'),
(26, 23, '2015-02-28 09:10:57', '2015-02-28 09:10:57'),
(27, 24, '2015-02-28 09:15:43', '2015-02-28 09:15:43'),
(28, 25, '2015-02-28 09:29:09', '2015-02-28 09:29:09');

-- --------------------------------------------------------

--
-- Struktur dari tabel `qsortables`
--

CREATE TABLE IF NOT EXISTS `qsortables` (
  `id` int(10) unsigned NOT NULL AUTO_INCREMENT,
  `qpackage_id` int(11) NOT NULL,
  `qtype_id` int(11) NOT NULL,
  `index` int(11) NOT NULL,
  `question_id` varchar(255) COLLATE utf8_unicode_ci NOT NULL,
  `created_at` timestamp NOT NULL DEFAULT '0000-00-00 00:00:00',
  `updated_at` timestamp NOT NULL DEFAULT '0000-00-00 00:00:00',
  PRIMARY KEY (`id`)
) ENGINE=MyISAM  DEFAULT CHARSET=utf8 COLLATE=utf8_unicode_ci AUTO_INCREMENT=2784 ;

--
-- Dumping data untuk tabel `qsortables`
--

INSERT INTO `qsortables` (`id`, `qpackage_id`, `qtype_id`, `index`, `question_id`, `created_at`, `updated_at`) VALUES
(364, 4, 1, 0, '122', '2015-02-26 09:34:50', '2015-02-26 09:34:50'),
(365, 4, 1, 1, '123', '2015-02-26 09:34:50', '2015-02-26 09:34:50'),
(366, 5, 1, 0, '122', '2015-02-26 09:38:56', '2015-02-26 09:38:56'),
(367, 5, 1, 1, '123', '2015-02-26 09:38:56', '2015-02-26 09:38:56'),
(368, 6, 1, 0, '122', '2015-02-26 10:22:56', '2015-02-26 10:22:56'),
(369, 6, 1, 1, '123', '2015-02-26 10:22:56', '2015-02-26 10:22:56'),
(370, 7, 1, 0, '122', '2015-02-26 11:09:38', '2015-02-26 11:09:38'),
(371, 7, 1, 1, '123', '2015-02-26 11:09:38', '2015-02-26 11:09:38'),
(372, 7, 2, 0, '124', '2015-02-26 11:09:38', '2015-02-26 11:09:38'),
(373, 7, 3, 0, '125', '2015-02-26 11:09:38', '2015-02-26 11:09:38'),
(374, 8, 1, 0, '146', '2015-02-27 13:51:03', '2015-02-27 13:51:03'),
(375, 8, 1, 1, '139', '2015-02-27 13:51:03', '2015-02-27 13:51:03'),
(376, 8, 1, 2, '142', '2015-02-27 13:51:03', '2015-02-27 13:51:03'),
(377, 8, 1, 3, '145', '2015-02-27 13:51:03', '2015-02-27 13:51:03'),
(378, 8, 1, 4, '147', '2015-02-27 13:51:03', '2015-02-27 13:51:03'),
(379, 8, 1, 5, '137', '2015-02-27 13:51:03', '2015-02-27 13:51:03'),
(380, 8, 1, 6, '144', '2015-02-27 13:51:03', '2015-02-27 13:51:03'),
(381, 8, 1, 7, '136', '2015-02-27 13:51:03', '2015-02-27 13:51:03'),
(382, 8, 1, 8, '141', '2015-02-27 13:51:03', '2015-02-27 13:51:03'),
(383, 8, 1, 9, '149', '2015-02-27 13:51:03', '2015-02-27 13:51:03'),
(384, 8, 1, 10, '150', '2015-02-27 13:51:03', '2015-02-27 13:51:03'),
(385, 8, 1, 11, '138', '2015-02-27 13:51:03', '2015-02-27 13:51:03'),
(386, 8, 1, 12, '140', '2015-02-27 13:51:03', '2015-02-27 13:51:03'),
(387, 8, 1, 13, '143', '2015-02-27 13:51:03', '2015-02-27 13:51:03'),
(388, 8, 1, 14, '148', '2015-02-27 13:51:03', '2015-02-27 13:51:03'),
(389, 8, 1, 15, '123', '2015-02-27 13:51:03', '2015-02-27 13:51:03'),
(390, 8, 2, 0, '199', '2015-02-27 13:51:03', '2015-02-27 13:51:03'),
(391, 8, 2, 1, '197', '2015-02-27 13:51:03', '2015-02-27 13:51:03'),
(392, 8, 2, 2, '194', '2015-02-27 13:51:03', '2015-02-27 13:51:03'),
(393, 8, 2, 3, '203', '2015-02-27 13:51:03', '2015-02-27 13:51:03'),
(394, 8, 2, 4, '190', '2015-02-27 13:51:03', '2015-02-27 13:51:03'),
(395, 8, 2, 5, '179', '2015-02-27 13:51:03', '2015-02-27 13:51:03'),
(396, 8, 2, 6, '191', '2015-02-27 13:51:03', '2015-02-27 13:51:03'),
(397, 8, 2, 7, '185', '2015-02-27 13:51:03', '2015-02-27 13:51:03'),
(398, 8, 2, 8, '195', '2015-02-27 13:51:03', '2015-02-27 13:51:03'),
(399, 8, 2, 9, '187', '2015-02-27 13:51:03', '2015-02-27 13:51:03'),
(400, 8, 2, 10, '196', '2015-02-27 13:51:03', '2015-02-27 13:51:03'),
(401, 8, 2, 11, '182', '2015-02-27 13:51:03', '2015-02-27 13:51:03'),
(402, 8, 2, 12, '193', '2015-02-27 13:51:03', '2015-02-27 13:51:03'),
(403, 8, 2, 13, '184', '2015-02-27 13:51:03', '2015-02-27 13:51:03'),
(404, 8, 2, 14, '181', '2015-02-27 13:51:03', '2015-02-27 13:51:03'),
(405, 8, 2, 15, '192', '2015-02-27 13:51:03', '2015-02-27 13:51:03'),
(406, 8, 2, 16, '180', '2015-02-27 13:51:03', '2015-02-27 13:51:03'),
(407, 8, 2, 17, '201', '2015-02-27 13:51:03', '2015-02-27 13:51:03'),
(408, 8, 2, 18, '202', '2015-02-27 13:51:03', '2015-02-27 13:51:03'),
(409, 8, 2, 19, '177', '2015-02-27 13:51:03', '2015-02-27 13:51:03'),
(410, 8, 2, 20, '198', '2015-02-27 13:51:03', '2015-02-27 13:51:03'),
(411, 8, 2, 21, '200', '2015-02-27 13:51:03', '2015-02-27 13:51:03'),
(412, 8, 2, 22, '189', '2015-02-27 13:51:03', '2015-02-27 13:51:03'),
(413, 8, 2, 23, '178', '2015-02-27 13:51:03', '2015-02-27 13:51:03'),
(414, 8, 2, 24, '176', '2015-02-27 13:51:03', '2015-02-27 13:51:03'),
(415, 8, 3, 0, '125', '2015-02-27 13:51:03', '2015-02-27 13:51:03'),
(416, 8, 3, 1, '158', '2015-02-27 13:51:03', '2015-02-27 13:51:03'),
(417, 8, 3, 2, '151', '2015-02-27 13:51:03', '2015-02-27 13:51:03'),
(418, 8, 3, 3, '155', '2015-02-27 13:51:03', '2015-02-27 13:51:03'),
(419, 8, 3, 4, '173', '2015-02-27 13:51:03', '2015-02-27 13:51:03'),
(420, 8, 3, 5, '134', '2015-02-27 13:51:03', '2015-02-27 13:51:03'),
(421, 8, 3, 6, '131', '2015-02-27 13:51:03', '2015-02-27 13:51:03'),
(422, 8, 3, 7, '132', '2015-02-27 13:51:03', '2015-02-27 13:51:03'),
(423, 8, 3, 8, '135', '2015-02-27 13:51:03', '2015-02-27 13:51:03'),
(424, 8, 3, 9, '152', '2015-02-27 13:51:03', '2015-02-27 13:51:03'),
(425, 8, 3, 10, '133', '2015-02-27 13:51:03', '2015-02-27 13:51:03'),
(426, 8, 3, 11, '153', '2015-02-27 13:51:03', '2015-02-27 13:51:03'),
(427, 8, 3, 12, '159', '2015-02-27 13:51:03', '2015-02-27 13:51:03'),
(428, 8, 3, 13, '129', '2015-02-27 13:51:03', '2015-02-27 13:51:03'),
(429, 8, 3, 14, '174', '2015-02-27 13:51:03', '2015-02-27 13:51:03'),
(430, 8, 3, 15, '156', '2015-02-27 13:51:03', '2015-02-27 13:51:03'),
(431, 8, 3, 16, '175', '2015-02-27 13:51:03', '2015-02-27 13:51:03'),
(432, 8, 3, 17, '157', '2015-02-27 13:51:03', '2015-02-27 13:51:03'),
(433, 8, 3, 18, '127', '2015-02-27 13:51:03', '2015-02-27 13:51:03'),
(434, 8, 3, 19, '128', '2015-02-27 13:51:03', '2015-02-27 13:51:03'),
(435, 8, 3, 20, '160', '2015-02-27 13:51:03', '2015-02-27 13:51:03'),
(436, 8, 3, 21, '161', '2015-02-27 13:51:03', '2015-02-27 13:51:03'),
(437, 8, 3, 22, '162', '2015-02-27 13:51:03', '2015-02-27 13:51:03'),
(438, 8, 3, 23, '163', '2015-02-27 13:51:03', '2015-02-27 13:51:03'),
(439, 8, 3, 24, '165', '2015-02-27 13:51:03', '2015-02-27 13:51:03'),
(440, 8, 3, 25, '164', '2015-02-27 13:51:03', '2015-02-27 13:51:03'),
(441, 8, 3, 26, '169', '2015-02-27 13:51:03', '2015-02-27 13:51:03'),
(442, 8, 3, 27, '130', '2015-02-27 13:51:03', '2015-02-27 13:51:03'),
(443, 8, 3, 28, '167', '2015-02-27 13:51:03', '2015-02-27 13:51:03'),
(444, 8, 3, 29, '168', '2015-02-27 13:51:03', '2015-02-27 13:51:03'),
(445, 8, 3, 30, '170', '2015-02-27 13:51:03', '2015-02-27 13:51:03'),
(446, 8, 3, 31, '171', '2015-02-27 13:51:03', '2015-02-27 13:51:03'),
(447, 8, 3, 32, '172', '2015-02-27 13:51:03', '2015-02-27 13:51:03'),
(448, 8, 3, 33, '154', '2015-02-27 13:51:03', '2015-02-27 13:51:03'),
(449, 8, 3, 34, '126', '2015-02-27 13:51:03', '2015-02-27 13:51:03'),
(450, 8, 3, 35, '166', '2015-02-27 13:51:03', '2015-02-27 13:51:03'),
(451, 9, 1, 0, '148', '2015-02-27 14:28:34', '2015-02-27 14:28:34'),
(452, 9, 1, 1, '123', '2015-02-27 14:28:34', '2015-02-27 14:28:34'),
(453, 9, 1, 2, '145', '2015-02-27 14:28:34', '2015-02-27 14:28:34'),
(454, 9, 1, 3, '140', '2015-02-27 14:28:34', '2015-02-27 14:28:34'),
(455, 9, 1, 4, '147', '2015-02-27 14:28:34', '2015-02-27 14:28:34'),
(456, 9, 1, 5, '141', '2015-02-27 14:28:34', '2015-02-27 14:28:34'),
(457, 9, 1, 6, '144', '2015-02-27 14:28:34', '2015-02-27 14:28:34'),
(458, 9, 1, 7, '139', '2015-02-27 14:28:34', '2015-02-27 14:28:34'),
(459, 9, 1, 8, '150', '2015-02-27 14:28:34', '2015-02-27 14:28:34'),
(460, 9, 1, 9, '138', '2015-02-27 14:28:34', '2015-02-27 14:28:34'),
(461, 9, 1, 10, '136', '2015-02-27 14:28:34', '2015-02-27 14:28:34'),
(462, 9, 1, 11, '149', '2015-02-27 14:28:34', '2015-02-27 14:28:34'),
(463, 9, 1, 12, '146', '2015-02-27 14:28:34', '2015-02-27 14:28:34'),
(464, 9, 1, 13, '142', '2015-02-27 14:28:34', '2015-02-27 14:28:34'),
(465, 9, 1, 14, '143', '2015-02-27 14:28:34', '2015-02-27 14:28:34'),
(466, 9, 1, 15, '137', '2015-02-27 14:28:34', '2015-02-27 14:28:34'),
(467, 9, 2, 0, '180', '2015-02-27 14:28:34', '2015-02-27 14:28:34'),
(468, 9, 2, 1, '181', '2015-02-27 14:28:34', '2015-02-27 14:28:34'),
(469, 9, 2, 2, '179', '2015-02-27 14:28:34', '2015-02-27 14:28:34'),
(470, 9, 2, 3, '202', '2015-02-27 14:28:34', '2015-02-27 14:28:34'),
(471, 9, 2, 4, '185', '2015-02-27 14:28:34', '2015-02-27 14:28:34'),
(472, 9, 2, 5, '193', '2015-02-27 14:28:34', '2015-02-27 14:28:34'),
(473, 9, 2, 6, '196', '2015-02-27 14:28:34', '2015-02-27 14:28:34'),
(474, 9, 2, 7, '176', '2015-02-27 14:28:34', '2015-02-27 14:28:34'),
(475, 9, 2, 8, '201', '2015-02-27 14:28:34', '2015-02-27 14:28:34'),
(476, 9, 2, 9, '203', '2015-02-27 14:28:34', '2015-02-27 14:28:34'),
(477, 9, 2, 10, '197', '2015-02-27 14:28:34', '2015-02-27 14:28:34'),
(478, 9, 2, 11, '184', '2015-02-27 14:28:34', '2015-02-27 14:28:34'),
(479, 9, 2, 12, '192', '2015-02-27 14:28:34', '2015-02-27 14:28:34'),
(480, 9, 2, 13, '189', '2015-02-27 14:28:34', '2015-02-27 14:28:34'),
(481, 9, 2, 14, '177', '2015-02-27 14:28:34', '2015-02-27 14:28:34'),
(482, 9, 2, 15, '199', '2015-02-27 14:28:34', '2015-02-27 14:28:34'),
(483, 9, 2, 16, '178', '2015-02-27 14:28:34', '2015-02-27 14:28:34'),
(484, 9, 2, 17, '187', '2015-02-27 14:28:34', '2015-02-27 14:28:34'),
(485, 9, 2, 18, '198', '2015-02-27 14:28:34', '2015-02-27 14:28:34'),
(486, 9, 2, 19, '182', '2015-02-27 14:28:34', '2015-02-27 14:28:34'),
(487, 9, 2, 20, '195', '2015-02-27 14:28:34', '2015-02-27 14:28:34'),
(488, 9, 2, 21, '191', '2015-02-27 14:28:34', '2015-02-27 14:28:34'),
(489, 9, 2, 22, '194', '2015-02-27 14:28:34', '2015-02-27 14:28:34'),
(490, 9, 2, 23, '200', '2015-02-27 14:28:34', '2015-02-27 14:28:34'),
(491, 9, 2, 24, '190', '2015-02-27 14:28:34', '2015-02-27 14:28:34'),
(492, 9, 3, 0, '130', '2015-02-27 14:28:34', '2015-02-27 14:28:34'),
(493, 9, 3, 1, '158', '2015-02-27 14:28:34', '2015-02-27 14:28:34'),
(494, 9, 3, 2, '151', '2015-02-27 14:28:34', '2015-02-27 14:28:34'),
(495, 9, 3, 3, '154', '2015-02-27 14:28:34', '2015-02-27 14:28:34'),
(496, 9, 3, 4, '128', '2015-02-27 14:28:34', '2015-02-27 14:28:34'),
(497, 9, 3, 5, '131', '2015-02-27 14:28:34', '2015-02-27 14:28:34'),
(498, 9, 3, 6, '132', '2015-02-27 14:28:34', '2015-02-27 14:28:34'),
(499, 9, 3, 7, '155', '2015-02-27 14:28:34', '2015-02-27 14:28:34'),
(500, 9, 3, 8, '135', '2015-02-27 14:28:34', '2015-02-27 14:28:34'),
(501, 9, 3, 9, '126', '2015-02-27 14:28:34', '2015-02-27 14:28:34'),
(502, 9, 3, 10, '175', '2015-02-27 14:28:34', '2015-02-27 14:28:34'),
(503, 9, 3, 11, '129', '2015-02-27 14:28:34', '2015-02-27 14:28:34'),
(504, 9, 3, 12, '156', '2015-02-27 14:28:34', '2015-02-27 14:28:34'),
(505, 9, 3, 13, '159', '2015-02-27 14:28:34', '2015-02-27 14:28:34'),
(506, 9, 3, 14, '134', '2015-02-27 14:28:34', '2015-02-27 14:28:34'),
(507, 9, 3, 15, '133', '2015-02-27 14:28:34', '2015-02-27 14:28:34'),
(508, 9, 3, 16, '174', '2015-02-27 14:28:34', '2015-02-27 14:28:34'),
(509, 9, 3, 17, '152', '2015-02-27 14:28:34', '2015-02-27 14:28:34'),
(510, 9, 3, 18, '157', '2015-02-27 14:28:34', '2015-02-27 14:28:34'),
(511, 9, 3, 19, '160', '2015-02-27 14:28:34', '2015-02-27 14:28:34'),
(512, 9, 3, 20, '161', '2015-02-27 14:28:34', '2015-02-27 14:28:34'),
(513, 9, 3, 21, '162', '2015-02-27 14:28:34', '2015-02-27 14:28:34'),
(514, 9, 3, 22, '163', '2015-02-27 14:28:34', '2015-02-27 14:28:34'),
(515, 9, 3, 23, '165', '2015-02-27 14:28:34', '2015-02-27 14:28:34'),
(516, 9, 3, 24, '164', '2015-02-27 14:28:34', '2015-02-27 14:28:34'),
(517, 9, 3, 25, '169', '2015-02-27 14:28:34', '2015-02-27 14:28:34'),
(518, 9, 3, 26, '173', '2015-02-27 14:28:34', '2015-02-27 14:28:34'),
(519, 9, 3, 27, '167', '2015-02-27 14:28:34', '2015-02-27 14:28:34'),
(520, 9, 3, 28, '168', '2015-02-27 14:28:34', '2015-02-27 14:28:34'),
(521, 9, 3, 29, '170', '2015-02-27 14:28:34', '2015-02-27 14:28:34'),
(522, 9, 3, 30, '171', '2015-02-27 14:28:34', '2015-02-27 14:28:34'),
(523, 9, 3, 31, '172', '2015-02-27 14:28:34', '2015-02-27 14:28:34'),
(524, 9, 3, 32, '127', '2015-02-27 14:28:34', '2015-02-27 14:28:34'),
(525, 9, 3, 33, '166', '2015-02-27 14:28:34', '2015-02-27 14:28:34'),
(526, 9, 3, 34, '153', '2015-02-27 14:28:34', '2015-02-27 14:28:34'),
(527, 10, 1, 0, '143', '2015-02-27 18:07:13', '2015-02-27 18:07:13'),
(528, 10, 1, 1, '218', '2015-02-27 18:07:13', '2015-02-27 18:07:13'),
(529, 10, 1, 2, '150', '2015-02-27 18:07:13', '2015-02-27 18:07:13'),
(530, 10, 1, 3, '219', '2015-02-27 18:07:13', '2015-02-27 18:07:13'),
(531, 10, 1, 4, '217', '2015-02-27 18:07:13', '2015-02-27 18:07:13'),
(532, 10, 1, 5, '148', '2015-02-27 18:07:13', '2015-02-27 18:07:13'),
(533, 10, 1, 6, '144', '2015-02-27 18:07:13', '2015-02-27 18:07:13'),
(534, 10, 1, 7, '140', '2015-02-27 18:07:13', '2015-02-27 18:07:13'),
(535, 10, 1, 8, '141', '2015-02-27 18:07:13', '2015-02-27 18:07:13'),
(536, 10, 1, 9, '215', '2015-02-27 18:07:13', '2015-02-27 18:07:13'),
(537, 10, 1, 10, '139', '2015-02-27 18:07:13', '2015-02-27 18:07:13'),
(538, 10, 1, 11, '146', '2015-02-27 18:07:13', '2015-02-27 18:07:13'),
(539, 10, 1, 12, '222', '2015-02-27 18:07:13', '2015-02-27 18:07:13'),
(540, 10, 1, 13, '216', '2015-02-27 18:07:13', '2015-02-27 18:07:13'),
(541, 10, 1, 14, '220', '2015-02-27 18:07:13', '2015-02-27 18:07:13'),
(542, 10, 1, 15, '149', '2015-02-27 18:07:13', '2015-02-27 18:07:13'),
(543, 10, 1, 16, '145', '2015-02-27 18:07:13', '2015-02-27 18:07:13'),
(544, 10, 1, 17, '225', '2015-02-27 18:07:13', '2015-02-27 18:07:13'),
(545, 10, 1, 18, '223', '2015-02-27 18:07:13', '2015-02-27 18:07:13'),
(546, 10, 1, 19, '147', '2015-02-27 18:07:13', '2015-02-27 18:07:13'),
(547, 10, 1, 20, '138', '2015-02-27 18:07:13', '2015-02-27 18:07:13'),
(548, 10, 1, 21, '212', '2015-02-27 18:07:13', '2015-02-27 18:07:13'),
(549, 10, 1, 22, '221', '2015-02-27 18:07:13', '2015-02-27 18:07:13'),
(550, 10, 1, 23, '224', '2015-02-27 18:07:13', '2015-02-27 18:07:13'),
(551, 10, 1, 24, '137', '2015-02-27 18:07:13', '2015-02-27 18:07:13'),
(552, 10, 1, 25, '142', '2015-02-27 18:07:13', '2015-02-27 18:07:13'),
(553, 10, 1, 26, '213', '2015-02-27 18:07:13', '2015-02-27 18:07:13'),
(554, 10, 1, 27, '136', '2015-02-27 18:07:13', '2015-02-27 18:07:13'),
(555, 10, 1, 28, '211', '2015-02-27 18:07:13', '2015-02-27 18:07:13'),
(556, 10, 1, 29, '214', '2015-02-27 18:07:13', '2015-02-27 18:07:13'),
(557, 10, 2, 0, '195', '2015-02-27 18:07:13', '2015-02-27 18:07:13'),
(558, 10, 2, 1, '207', '2015-02-27 18:07:13', '2015-02-27 18:07:13'),
(559, 10, 2, 2, '180', '2015-02-27 18:07:13', '2015-02-27 18:07:13'),
(560, 10, 2, 3, '204', '2015-02-27 18:07:13', '2015-02-27 18:07:13'),
(561, 10, 2, 4, '181', '2015-02-27 18:07:13', '2015-02-27 18:07:13'),
(562, 10, 2, 5, '187', '2015-02-27 18:07:13', '2015-02-27 18:07:13'),
(563, 10, 2, 6, '189', '2015-02-27 18:07:13', '2015-02-27 18:07:13'),
(564, 10, 2, 7, '192', '2015-02-27 18:07:13', '2015-02-27 18:07:13'),
(565, 10, 2, 8, '203', '2015-02-27 18:07:13', '2015-02-27 18:07:13'),
(566, 10, 2, 9, '179', '2015-02-27 18:07:13', '2015-02-27 18:07:13'),
(567, 10, 2, 10, '196', '2015-02-27 18:07:13', '2015-02-27 18:07:13'),
(568, 10, 2, 11, '197', '2015-02-27 18:07:13', '2015-02-27 18:07:13'),
(569, 10, 2, 12, '190', '2015-02-27 18:07:13', '2015-02-27 18:07:13'),
(570, 10, 2, 13, '210', '2015-02-27 18:07:13', '2015-02-27 18:07:13'),
(571, 10, 2, 14, '176', '2015-02-27 18:07:13', '2015-02-27 18:07:13'),
(572, 10, 2, 15, '177', '2015-02-27 18:07:13', '2015-02-27 18:07:13'),
(573, 10, 2, 16, '200', '2015-02-27 18:07:13', '2015-02-27 18:07:13'),
(574, 10, 2, 17, '202', '2015-02-27 18:07:13', '2015-02-27 18:07:13'),
(575, 10, 2, 18, '209', '2015-02-27 18:07:13', '2015-02-27 18:07:13'),
(576, 10, 2, 19, '208', '2015-02-27 18:07:13', '2015-02-27 18:07:13'),
(577, 10, 2, 20, '191', '2015-02-27 18:07:13', '2015-02-27 18:07:13'),
(578, 10, 2, 21, '205', '2015-02-27 18:07:13', '2015-02-27 18:07:13'),
(579, 10, 2, 22, '184', '2015-02-27 18:07:13', '2015-02-27 18:07:13'),
(580, 10, 2, 23, '185', '2015-02-27 18:07:13', '2015-02-27 18:07:13'),
(581, 10, 2, 24, '206', '2015-02-27 18:07:13', '2015-02-27 18:07:13'),
(582, 10, 2, 25, '178', '2015-02-27 18:07:13', '2015-02-27 18:07:13'),
(583, 10, 2, 26, '182', '2015-02-27 18:07:13', '2015-02-27 18:07:13'),
(584, 10, 2, 27, '198', '2015-02-27 18:07:13', '2015-02-27 18:07:13'),
(585, 10, 2, 28, '194', '2015-02-27 18:07:13', '2015-02-27 18:07:13'),
(586, 10, 2, 29, '201', '2015-02-27 18:07:13', '2015-02-27 18:07:13'),
(587, 10, 2, 30, '199', '2015-02-27 18:07:13', '2015-02-27 18:07:13'),
(588, 10, 2, 31, '193', '2015-02-27 18:07:13', '2015-02-27 18:07:13'),
(589, 10, 3, 0, '127', '2015-02-27 18:07:13', '2015-02-27 18:07:13'),
(590, 10, 3, 1, '129', '2015-02-27 18:07:13', '2015-02-27 18:07:13'),
(591, 10, 3, 2, '130', '2015-02-27 18:07:13', '2015-02-27 18:07:13'),
(592, 10, 3, 3, '166', '2015-02-27 18:07:13', '2015-02-27 18:07:13'),
(593, 10, 3, 4, '152', '2015-02-27 18:07:13', '2015-02-27 18:07:13'),
(594, 10, 3, 5, '131', '2015-02-27 18:07:13', '2015-02-27 18:07:13'),
(595, 10, 3, 6, '132', '2015-02-27 18:07:13', '2015-02-27 18:07:13'),
(596, 10, 3, 7, '151', '2015-02-27 18:07:13', '2015-02-27 18:07:13'),
(597, 10, 3, 8, '128', '2015-02-27 18:07:13', '2015-02-27 18:07:13'),
(598, 10, 3, 9, '133', '2015-02-27 18:07:13', '2015-02-27 18:07:13'),
(599, 10, 3, 10, '158', '2015-02-27 18:07:13', '2015-02-27 18:07:13'),
(600, 10, 3, 11, '153', '2015-02-27 18:07:13', '2015-02-27 18:07:13'),
(601, 10, 3, 12, '175', '2015-02-27 18:07:13', '2015-02-27 18:07:13'),
(602, 10, 3, 13, '173', '2015-02-27 18:07:13', '2015-02-27 18:07:13'),
(603, 10, 3, 14, '159', '2015-02-27 18:07:13', '2015-02-27 18:07:13'),
(604, 10, 3, 15, '135', '2015-02-27 18:07:13', '2015-02-27 18:07:13'),
(605, 10, 3, 16, '126', '2015-02-27 18:07:13', '2015-02-27 18:07:13'),
(606, 10, 3, 17, '155', '2015-02-27 18:07:13', '2015-02-27 18:07:13'),
(607, 10, 3, 18, '154', '2015-02-27 18:07:13', '2015-02-27 18:07:13'),
(608, 10, 3, 19, '160', '2015-02-27 18:07:13', '2015-02-27 18:07:13'),
(609, 10, 3, 20, '161', '2015-02-27 18:07:13', '2015-02-27 18:07:13'),
(610, 10, 3, 21, '162', '2015-02-27 18:07:13', '2015-02-27 18:07:13'),
(611, 10, 3, 22, '163', '2015-02-27 18:07:13', '2015-02-27 18:07:13'),
(612, 10, 3, 23, '165', '2015-02-27 18:07:13', '2015-02-27 18:07:13'),
(613, 10, 3, 24, '164', '2015-02-27 18:07:13', '2015-02-27 18:07:13'),
(614, 10, 3, 25, '169', '2015-02-27 18:07:13', '2015-02-27 18:07:13'),
(615, 10, 3, 26, '156', '2015-02-27 18:07:13', '2015-02-27 18:07:13'),
(616, 10, 3, 27, '167', '2015-02-27 18:07:13', '2015-02-27 18:07:13'),
(617, 10, 3, 28, '168', '2015-02-27 18:07:13', '2015-02-27 18:07:13'),
(618, 10, 3, 29, '170', '2015-02-27 18:07:13', '2015-02-27 18:07:13'),
(619, 10, 3, 30, '171', '2015-02-27 18:07:13', '2015-02-27 18:07:13'),
(620, 10, 3, 31, '172', '2015-02-27 18:07:13', '2015-02-27 18:07:13'),
(621, 10, 3, 32, '134', '2015-02-27 18:07:13', '2015-02-27 18:07:13'),
(622, 10, 3, 33, '174', '2015-02-27 18:07:13', '2015-02-27 18:07:13'),
(623, 10, 3, 34, '157', '2015-02-27 18:07:13', '2015-02-27 18:07:13'),
(624, 11, 1, 0, '212', '2015-02-28 06:08:08', '2015-02-28 06:08:08'),
(625, 11, 1, 1, '220', '2015-02-28 06:08:08', '2015-02-28 06:08:08'),
(626, 11, 1, 2, '211', '2015-02-28 06:08:08', '2015-02-28 06:08:08'),
(627, 11, 1, 3, '248', '2015-02-28 06:08:08', '2015-02-28 06:08:08'),
(628, 11, 1, 4, '139', '2015-02-28 06:08:08', '2015-02-28 06:08:08'),
(629, 11, 1, 5, '219', '2015-02-28 06:08:08', '2015-02-28 06:08:08'),
(630, 11, 1, 6, '225', '2015-02-28 06:08:08', '2015-02-28 06:08:08'),
(631, 11, 1, 7, '223', '2015-02-28 06:08:08', '2015-02-28 06:08:08'),
(632, 11, 1, 8, '150', '2015-02-28 06:08:08', '2015-02-28 06:08:08'),
(633, 11, 1, 9, '136', '2015-02-28 06:08:08', '2015-02-28 06:08:08'),
(634, 11, 1, 10, '245', '2015-02-28 06:08:08', '2015-02-28 06:08:08'),
(635, 11, 1, 11, '246', '2015-02-28 06:08:08', '2015-02-28 06:08:08'),
(636, 11, 1, 12, '230', '2015-02-28 06:08:08', '2015-02-28 06:08:08'),
(637, 11, 1, 13, '236', '2015-02-28 06:08:08', '2015-02-28 06:08:08'),
(638, 11, 1, 14, '251', '2015-02-28 06:08:08', '2015-02-28 06:08:08'),
(639, 11, 1, 15, '218', '2015-02-28 06:08:08', '2015-02-28 06:08:08'),
(640, 11, 1, 16, '141', '2015-02-28 06:08:08', '2015-02-28 06:08:08'),
(641, 11, 1, 17, '140', '2015-02-28 06:08:08', '2015-02-28 06:08:08'),
(642, 11, 1, 18, '142', '2015-02-28 06:08:08', '2015-02-28 06:08:08'),
(643, 11, 1, 19, '224', '2015-02-28 06:08:08', '2015-02-28 06:08:08'),
(644, 11, 1, 20, '214', '2015-02-28 06:08:08', '2015-02-28 06:08:08'),
(645, 11, 1, 21, '138', '2015-02-28 06:08:08', '2015-02-28 06:08:08'),
(646, 11, 1, 22, '222', '2015-02-28 06:08:08', '2015-02-28 06:08:08'),
(647, 11, 1, 23, '240', '2015-02-28 06:08:08', '2015-02-28 06:08:08'),
(648, 11, 1, 24, '242', '2015-02-28 06:08:08', '2015-02-28 06:08:08'),
(649, 11, 1, 25, '147', '2015-02-28 06:08:08', '2015-02-28 06:08:08'),
(650, 11, 1, 26, '252', '2015-02-28 06:08:08', '2015-02-28 06:08:08'),
(651, 11, 1, 27, '137', '2015-02-28 06:08:08', '2015-02-28 06:08:08'),
(652, 11, 1, 28, '250', '2015-02-28 06:08:08', '2015-02-28 06:08:08'),
(653, 11, 1, 29, '243', '2015-02-28 06:08:08', '2015-02-28 06:08:08'),
(654, 11, 1, 30, '213', '2015-02-28 06:08:08', '2015-02-28 06:08:08'),
(655, 11, 1, 31, '221', '2015-02-28 06:08:08', '2015-02-28 06:08:08'),
(656, 11, 1, 32, '215', '2015-02-28 06:08:08', '2015-02-28 06:08:08'),
(657, 11, 1, 33, '249', '2015-02-28 06:08:08', '2015-02-28 06:08:08'),
(658, 11, 1, 34, '247', '2015-02-28 06:08:08', '2015-02-28 06:08:08'),
(659, 11, 1, 35, '216', '2015-02-28 06:08:08', '2015-02-28 06:08:08'),
(660, 11, 1, 36, '253', '2015-02-28 06:08:08', '2015-02-28 06:08:08'),
(661, 11, 1, 37, '244', '2015-02-28 06:08:08', '2015-02-28 06:08:08'),
(662, 11, 1, 38, '146', '2015-02-28 06:08:08', '2015-02-28 06:08:08'),
(663, 11, 1, 39, '217', '2015-02-28 06:08:08', '2015-02-28 06:08:08'),
(664, 11, 1, 40, '144', '2015-02-28 06:08:08', '2015-02-28 06:08:08'),
(665, 11, 1, 41, '148', '2015-02-28 06:08:08', '2015-02-28 06:08:08'),
(666, 11, 1, 42, '149', '2015-02-28 06:08:08', '2015-02-28 06:08:08'),
(667, 11, 1, 43, '143', '2015-02-28 06:08:08', '2015-02-28 06:08:08'),
(668, 11, 1, 44, '145', '2015-02-28 06:08:08', '2015-02-28 06:08:08'),
(669, 11, 2, 0, '177', '2015-02-28 06:08:08', '2015-02-28 06:08:08'),
(670, 11, 2, 1, '254', '2015-02-28 06:08:08', '2015-02-28 06:08:08'),
(671, 11, 2, 2, '182', '2015-02-28 06:08:08', '2015-02-28 06:08:08'),
(672, 11, 2, 3, '199', '2015-02-28 06:08:08', '2015-02-28 06:08:08'),
(673, 11, 2, 4, '187', '2015-02-28 06:08:08', '2015-02-28 06:08:08'),
(674, 11, 2, 5, '227', '2015-02-28 06:08:08', '2015-02-28 06:08:08'),
(675, 11, 2, 6, '178', '2015-02-28 06:08:08', '2015-02-28 06:08:08'),
(676, 11, 2, 7, '196', '2015-02-28 06:08:08', '2015-02-28 06:08:08'),
(677, 11, 2, 8, '181', '2015-02-28 06:08:08', '2015-02-28 06:08:08'),
(678, 11, 2, 9, '201', '2015-02-28 06:08:08', '2015-02-28 06:08:08'),
(679, 11, 2, 10, '185', '2015-02-28 06:08:08', '2015-02-28 06:08:08'),
(680, 11, 2, 11, '176', '2015-02-28 06:08:08', '2015-02-28 06:08:08'),
(681, 11, 2, 12, '208', '2015-02-28 06:08:08', '2015-02-28 06:08:08'),
(682, 11, 2, 13, '231', '2015-02-28 06:08:08', '2015-02-28 06:08:08'),
(683, 11, 2, 14, '195', '2015-02-28 06:08:08', '2015-02-28 06:08:08'),
(684, 11, 2, 15, '193', '2015-02-28 06:08:08', '2015-02-28 06:08:08'),
(685, 11, 2, 16, '229', '2015-02-28 06:08:08', '2015-02-28 06:08:08'),
(686, 11, 2, 17, '226', '2015-02-28 06:08:08', '2015-02-28 06:08:08'),
(687, 11, 2, 18, '241', '2015-02-28 06:08:08', '2015-02-28 06:08:08'),
(688, 11, 2, 19, '194', '2015-02-28 06:08:08', '2015-02-28 06:08:08'),
(689, 11, 2, 20, '191', '2015-02-28 06:08:08', '2015-02-28 06:08:08'),
(690, 11, 2, 21, '179', '2015-02-28 06:08:08', '2015-02-28 06:08:08'),
(691, 11, 2, 22, '205', '2015-02-28 06:08:08', '2015-02-28 06:08:08'),
(692, 11, 2, 23, '234', '2015-02-28 06:08:08', '2015-02-28 06:08:08'),
(693, 11, 2, 24, '200', '2015-02-28 06:08:08', '2015-02-28 06:08:08'),
(694, 11, 2, 25, '203', '2015-02-28 06:08:08', '2015-02-28 06:08:08'),
(695, 11, 2, 26, '207', '2015-02-28 06:08:08', '2015-02-28 06:08:08'),
(696, 11, 2, 27, '192', '2015-02-28 06:08:08', '2015-02-28 06:08:08'),
(697, 11, 2, 28, '255', '2015-02-28 06:08:08', '2015-02-28 06:08:08'),
(698, 11, 2, 29, '184', '2015-02-28 06:08:08', '2015-02-28 06:08:08'),
(699, 11, 2, 30, '204', '2015-02-28 06:08:08', '2015-02-28 06:08:08'),
(700, 11, 2, 31, '238', '2015-02-28 06:08:08', '2015-02-28 06:08:08'),
(701, 11, 2, 32, '180', '2015-02-28 06:08:08', '2015-02-28 06:08:08'),
(702, 11, 2, 33, '233', '2015-02-28 06:08:08', '2015-02-28 06:08:08'),
(703, 11, 2, 34, '232', '2015-02-28 06:08:08', '2015-02-28 06:08:08'),
(704, 11, 2, 35, '239', '2015-02-28 06:08:08', '2015-02-28 06:08:08'),
(705, 11, 2, 36, '228', '2015-02-28 06:08:08', '2015-02-28 06:08:08'),
(706, 11, 2, 37, '202', '2015-02-28 06:08:08', '2015-02-28 06:08:08'),
(707, 11, 2, 38, '235', '2015-02-28 06:08:08', '2015-02-28 06:08:08'),
(708, 11, 2, 39, '189', '2015-02-28 06:08:08', '2015-02-28 06:08:08'),
(709, 11, 3, 0, '151', '2015-02-28 06:08:08', '2015-02-28 06:08:08'),
(710, 11, 3, 1, '159', '2015-02-28 06:08:08', '2015-02-28 06:08:08'),
(711, 11, 3, 2, '156', '2015-02-28 06:08:08', '2015-02-28 06:08:08'),
(712, 11, 3, 3, '173', '2015-02-28 06:08:08', '2015-02-28 06:08:08'),
(713, 11, 3, 4, '166', '2015-02-28 06:08:08', '2015-02-28 06:08:08'),
(714, 11, 3, 5, '131', '2015-02-28 06:08:08', '2015-02-28 06:08:08'),
(715, 11, 3, 6, '132', '2015-02-28 06:08:08', '2015-02-28 06:08:08'),
(716, 11, 3, 7, '158', '2015-02-28 06:08:08', '2015-02-28 06:08:08'),
(717, 11, 3, 8, '174', '2015-02-28 06:08:08', '2015-02-28 06:08:08'),
(718, 11, 3, 9, '154', '2015-02-28 06:08:08', '2015-02-28 06:08:08'),
(719, 11, 3, 10, '152', '2015-02-28 06:08:08', '2015-02-28 06:08:08'),
(720, 11, 3, 11, '130', '2015-02-28 06:08:08', '2015-02-28 06:08:08'),
(721, 11, 3, 12, '127', '2015-02-28 06:08:08', '2015-02-28 06:08:08'),
(722, 11, 3, 13, '129', '2015-02-28 06:08:08', '2015-02-28 06:08:08'),
(723, 11, 3, 14, '128', '2015-02-28 06:08:08', '2015-02-28 06:08:08'),
(724, 11, 3, 15, '153', '2015-02-28 06:08:08', '2015-02-28 06:08:08'),
(725, 11, 3, 16, '134', '2015-02-28 06:08:08', '2015-02-28 06:08:08'),
(726, 11, 3, 17, '155', '2015-02-28 06:08:08', '2015-02-28 06:08:08'),
(727, 11, 3, 18, '175', '2015-02-28 06:08:08', '2015-02-28 06:08:08'),
(728, 11, 3, 19, '160', '2015-02-28 06:08:08', '2015-02-28 06:08:08'),
(729, 11, 3, 20, '161', '2015-02-28 06:08:08', '2015-02-28 06:08:08'),
(730, 11, 3, 21, '162', '2015-02-28 06:08:08', '2015-02-28 06:08:08'),
(731, 11, 3, 22, '163', '2015-02-28 06:08:08', '2015-02-28 06:08:08'),
(732, 11, 3, 23, '165', '2015-02-28 06:08:08', '2015-02-28 06:08:08'),
(733, 11, 3, 24, '164', '2015-02-28 06:08:08', '2015-02-28 06:08:08'),
(734, 11, 3, 25, '169', '2015-02-28 06:08:09', '2015-02-28 06:08:09'),
(735, 11, 3, 26, '135', '2015-02-28 06:08:09', '2015-02-28 06:08:09'),
(736, 11, 3, 27, '167', '2015-02-28 06:08:09', '2015-02-28 06:08:09'),
(737, 11, 3, 28, '168', '2015-02-28 06:08:09', '2015-02-28 06:08:09'),
(738, 11, 3, 29, '170', '2015-02-28 06:08:09', '2015-02-28 06:08:09'),
(739, 11, 3, 30, '171', '2015-02-28 06:08:09', '2015-02-28 06:08:09'),
(740, 11, 3, 31, '172', '2015-02-28 06:08:09', '2015-02-28 06:08:09'),
(741, 11, 3, 32, '126', '2015-02-28 06:08:09', '2015-02-28 06:08:09'),
(742, 11, 3, 33, '133', '2015-02-28 06:08:09', '2015-02-28 06:08:09'),
(743, 11, 3, 34, '157', '2015-02-28 06:08:09', '2015-02-28 06:08:09'),
(744, 12, 1, 0, '217', '2015-02-28 06:17:39', '2015-02-28 06:17:39'),
(745, 12, 1, 1, '224', '2015-02-28 06:17:39', '2015-02-28 06:17:39'),
(746, 12, 1, 2, '230', '2015-02-28 06:17:39', '2015-02-28 06:17:39'),
(747, 12, 1, 3, '211', '2015-02-28 06:17:39', '2015-02-28 06:17:39'),
(748, 12, 1, 4, '213', '2015-02-28 06:17:39', '2015-02-28 06:17:39'),
(749, 12, 1, 5, '148', '2015-02-28 06:17:39', '2015-02-28 06:17:39'),
(750, 12, 1, 6, '251', '2015-02-28 06:17:39', '2015-02-28 06:17:39'),
(751, 12, 1, 7, '136', '2015-02-28 06:17:39', '2015-02-28 06:17:39'),
(752, 12, 1, 8, '138', '2015-02-28 06:17:39', '2015-02-28 06:17:39'),
(753, 12, 1, 9, '147', '2015-02-28 06:17:39', '2015-02-28 06:17:39'),
(754, 12, 1, 10, '221', '2015-02-28 06:17:39', '2015-02-28 06:17:39'),
(755, 12, 1, 11, '149', '2015-02-28 06:17:39', '2015-02-28 06:17:39'),
(756, 12, 1, 12, '145', '2015-02-28 06:17:39', '2015-02-28 06:17:39'),
(757, 12, 1, 13, '236', '2015-02-28 06:17:39', '2015-02-28 06:17:39'),
(758, 12, 1, 14, '139', '2015-02-28 06:17:39', '2015-02-28 06:17:39'),
(759, 12, 1, 15, '246', '2015-02-28 06:17:39', '2015-02-28 06:17:39'),
(760, 12, 1, 16, '137', '2015-02-28 06:17:39', '2015-02-28 06:17:39'),
(761, 12, 1, 17, '252', '2015-02-28 06:17:39', '2015-02-28 06:17:39'),
(762, 12, 1, 18, '223', '2015-02-28 06:17:39', '2015-02-28 06:17:39'),
(763, 12, 1, 19, '146', '2015-02-28 06:17:39', '2015-02-28 06:17:39'),
(764, 12, 1, 20, '248', '2015-02-28 06:17:39', '2015-02-28 06:17:39'),
(765, 12, 1, 21, '240', '2015-02-28 06:17:39', '2015-02-28 06:17:39'),
(766, 12, 1, 22, '243', '2015-02-28 06:17:39', '2015-02-28 06:17:39'),
(767, 12, 1, 23, '215', '2015-02-28 06:17:39', '2015-02-28 06:17:39'),
(768, 12, 1, 24, '218', '2015-02-28 06:17:39', '2015-02-28 06:17:39'),
(769, 12, 1, 25, '249', '2015-02-28 06:17:39', '2015-02-28 06:17:39'),
(770, 12, 1, 26, '141', '2015-02-28 06:17:39', '2015-02-28 06:17:39'),
(771, 12, 1, 27, '245', '2015-02-28 06:17:39', '2015-02-28 06:17:39'),
(772, 12, 1, 28, '247', '2015-02-28 06:17:39', '2015-02-28 06:17:39'),
(773, 12, 1, 29, '222', '2015-02-28 06:17:39', '2015-02-28 06:17:39'),
(774, 12, 1, 30, '219', '2015-02-28 06:17:39', '2015-02-28 06:17:39'),
(775, 12, 1, 31, '220', '2015-02-28 06:17:39', '2015-02-28 06:17:39'),
(776, 12, 1, 32, '242', '2015-02-28 06:17:39', '2015-02-28 06:17:39'),
(777, 12, 1, 33, '250', '2015-02-28 06:17:39', '2015-02-28 06:17:39'),
(778, 12, 1, 34, '150', '2015-02-28 06:17:39', '2015-02-28 06:17:39'),
(779, 12, 1, 35, '140', '2015-02-28 06:17:39', '2015-02-28 06:17:39'),
(780, 12, 1, 36, '214', '2015-02-28 06:17:39', '2015-02-28 06:17:39'),
(781, 12, 1, 37, '212', '2015-02-28 06:17:39', '2015-02-28 06:17:39'),
(782, 12, 1, 38, '216', '2015-02-28 06:17:39', '2015-02-28 06:17:39'),
(783, 12, 1, 39, '244', '2015-02-28 06:17:39', '2015-02-28 06:17:39'),
(784, 12, 1, 40, '225', '2015-02-28 06:17:39', '2015-02-28 06:17:39'),
(785, 12, 1, 41, '143', '2015-02-28 06:17:39', '2015-02-28 06:17:39'),
(786, 12, 1, 42, '142', '2015-02-28 06:17:39', '2015-02-28 06:17:39'),
(787, 12, 1, 43, '253', '2015-02-28 06:17:39', '2015-02-28 06:17:39'),
(788, 12, 1, 44, '144', '2015-02-28 06:17:39', '2015-02-28 06:17:39'),
(789, 12, 2, 0, '180', '2015-02-28 06:17:39', '2015-02-28 06:17:39'),
(790, 12, 2, 1, '226', '2015-02-28 06:17:39', '2015-02-28 06:17:39'),
(791, 12, 2, 2, '231', '2015-02-28 06:17:39', '2015-02-28 06:17:39'),
(792, 12, 2, 3, '208', '2015-02-28 06:17:39', '2015-02-28 06:17:39'),
(793, 12, 2, 4, '179', '2015-02-28 06:17:39', '2015-02-28 06:17:39'),
(794, 12, 2, 5, '187', '2015-02-28 06:17:39', '2015-02-28 06:17:39'),
(795, 12, 2, 6, '191', '2015-02-28 06:17:39', '2015-02-28 06:17:39'),
(796, 12, 2, 7, '184', '2015-02-28 06:17:39', '2015-02-28 06:17:39'),
(797, 12, 2, 8, '185', '2015-02-28 06:17:39', '2015-02-28 06:17:39'),
(798, 12, 2, 9, '205', '2015-02-28 06:17:39', '2015-02-28 06:17:39'),
(799, 12, 2, 10, '177', '2015-02-28 06:17:39', '2015-02-28 06:17:39'),
(800, 12, 2, 11, '202', '2015-02-28 06:17:39', '2015-02-28 06:17:39'),
(801, 12, 2, 12, '203', '2015-02-28 06:17:39', '2015-02-28 06:17:39'),
(802, 12, 2, 13, '228', '2015-02-28 06:17:39', '2015-02-28 06:17:39'),
(803, 12, 2, 14, '196', '2015-02-28 06:17:39', '2015-02-28 06:17:39'),
(804, 12, 2, 15, '255', '2015-02-28 06:17:39', '2015-02-28 06:17:39'),
(805, 12, 2, 16, '239', '2015-02-28 06:17:39', '2015-02-28 06:17:39'),
(806, 12, 2, 17, '234', '2015-02-28 06:17:39', '2015-02-28 06:17:39'),
(807, 12, 2, 18, '201', '2015-02-28 06:17:39', '2015-02-28 06:17:39'),
(808, 12, 2, 19, '182', '2015-02-28 06:17:39', '2015-02-28 06:17:39'),
(809, 12, 2, 20, '199', '2015-02-28 06:17:39', '2015-02-28 06:17:39'),
(810, 12, 2, 21, '178', '2015-02-28 06:17:39', '2015-02-28 06:17:39'),
(811, 12, 2, 22, '241', '2015-02-28 06:17:39', '2015-02-28 06:17:39'),
(812, 12, 2, 23, '192', '2015-02-28 06:17:39', '2015-02-28 06:17:39'),
(813, 12, 2, 24, '194', '2015-02-28 06:17:39', '2015-02-28 06:17:39'),
(814, 12, 2, 25, '204', '2015-02-28 06:17:39', '2015-02-28 06:17:39'),
(815, 12, 2, 26, '189', '2015-02-28 06:17:39', '2015-02-28 06:17:39'),
(816, 12, 2, 27, '229', '2015-02-28 06:17:39', '2015-02-28 06:17:39'),
(817, 12, 2, 28, '235', '2015-02-28 06:17:39', '2015-02-28 06:17:39'),
(818, 12, 2, 29, '200', '2015-02-28 06:17:39', '2015-02-28 06:17:39'),
(819, 12, 2, 30, '232', '2015-02-28 06:17:39', '2015-02-28 06:17:39'),
(820, 12, 2, 31, '238', '2015-02-28 06:17:39', '2015-02-28 06:17:39'),
(821, 12, 2, 32, '254', '2015-02-28 06:17:39', '2015-02-28 06:17:39'),
(822, 12, 2, 33, '207', '2015-02-28 06:17:39', '2015-02-28 06:17:39'),
(823, 12, 2, 34, '195', '2015-02-28 06:17:39', '2015-02-28 06:17:39'),
(824, 12, 2, 35, '193', '2015-02-28 06:17:39', '2015-02-28 06:17:39'),
(825, 12, 2, 36, '233', '2015-02-28 06:17:39', '2015-02-28 06:17:39'),
(826, 12, 2, 37, '181', '2015-02-28 06:17:39', '2015-02-28 06:17:39'),
(827, 12, 2, 38, '227', '2015-02-28 06:17:39', '2015-02-28 06:17:39'),
(828, 12, 2, 39, '176', '2015-02-28 06:17:39', '2015-02-28 06:17:39'),
(829, 12, 3, 0, '159', '2015-02-28 06:17:39', '2015-02-28 06:17:39'),
(830, 12, 3, 1, '134', '2015-02-28 06:17:39', '2015-02-28 06:17:39'),
(831, 12, 3, 2, '156', '2015-02-28 06:17:39', '2015-02-28 06:17:39'),
(832, 12, 3, 3, '175', '2015-02-28 06:17:39', '2015-02-28 06:17:39'),
(833, 12, 3, 4, '130', '2015-02-28 06:17:39', '2015-02-28 06:17:39'),
(834, 12, 3, 5, '131', '2015-02-28 06:17:39', '2015-02-28 06:17:39'),
(835, 12, 3, 6, '132', '2015-02-28 06:17:39', '2015-02-28 06:17:39'),
(836, 12, 3, 7, '153', '2015-02-28 06:17:39', '2015-02-28 06:17:39'),
(837, 12, 3, 8, '173', '2015-02-28 06:17:39', '2015-02-28 06:17:39'),
(838, 12, 3, 9, '174', '2015-02-28 06:17:39', '2015-02-28 06:17:39'),
(839, 12, 3, 10, '128', '2015-02-28 06:17:39', '2015-02-28 06:17:39'),
(840, 12, 3, 11, '158', '2015-02-28 06:17:39', '2015-02-28 06:17:39'),
(841, 12, 3, 12, '126', '2015-02-28 06:17:39', '2015-02-28 06:17:39'),
(842, 12, 3, 13, '135', '2015-02-28 06:17:39', '2015-02-28 06:17:39'),
(843, 12, 3, 14, '155', '2015-02-28 06:17:39', '2015-02-28 06:17:39'),
(844, 12, 3, 15, '151', '2015-02-28 06:17:39', '2015-02-28 06:17:39'),
(845, 12, 3, 16, '166', '2015-02-28 06:17:39', '2015-02-28 06:17:39'),
(846, 12, 3, 17, '129', '2015-02-28 06:17:39', '2015-02-28 06:17:39'),
(847, 12, 3, 18, '152', '2015-02-28 06:17:39', '2015-02-28 06:17:39'),
(848, 12, 3, 19, '160', '2015-02-28 06:17:39', '2015-02-28 06:17:39'),
(849, 12, 3, 20, '161', '2015-02-28 06:17:39', '2015-02-28 06:17:39'),
(850, 12, 3, 21, '162', '2015-02-28 06:17:39', '2015-02-28 06:17:39'),
(851, 12, 3, 22, '163', '2015-02-28 06:17:39', '2015-02-28 06:17:39'),
(852, 12, 3, 23, '165', '2015-02-28 06:17:39', '2015-02-28 06:17:39'),
(853, 12, 3, 24, '164', '2015-02-28 06:17:39', '2015-02-28 06:17:39'),
(854, 12, 3, 25, '169', '2015-02-28 06:17:39', '2015-02-28 06:17:39'),
(855, 12, 3, 26, '133', '2015-02-28 06:17:39', '2015-02-28 06:17:39'),
(856, 12, 3, 27, '167', '2015-02-28 06:17:39', '2015-02-28 06:17:39'),
(857, 12, 3, 28, '168', '2015-02-28 06:17:39', '2015-02-28 06:17:39'),
(858, 12, 3, 29, '170', '2015-02-28 06:17:39', '2015-02-28 06:17:39'),
(859, 12, 3, 30, '171', '2015-02-28 06:17:39', '2015-02-28 06:17:39'),
(860, 12, 3, 31, '172', '2015-02-28 06:17:39', '2015-02-28 06:17:39'),
(861, 12, 3, 32, '127', '2015-02-28 06:17:39', '2015-02-28 06:17:39'),
(862, 12, 3, 33, '154', '2015-02-28 06:17:39', '2015-02-28 06:17:39'),
(863, 12, 3, 34, '157', '2015-02-28 06:17:39', '2015-02-28 06:17:39'),
(864, 13, 1, 0, '144', '2015-02-28 06:18:38', '2015-02-28 06:18:38'),
(865, 13, 1, 1, '249', '2015-02-28 06:18:39', '2015-02-28 06:18:39'),
(866, 13, 1, 2, '221', '2015-02-28 06:18:39', '2015-02-28 06:18:39'),
(867, 13, 1, 3, '145', '2015-02-28 06:18:39', '2015-02-28 06:18:39'),
(868, 13, 1, 4, '217', '2015-02-28 06:18:39', '2015-02-28 06:18:39'),
(869, 13, 1, 5, '225', '2015-02-28 06:18:39', '2015-02-28 06:18:39'),
(870, 13, 1, 6, '216', '2015-02-28 06:18:39', '2015-02-28 06:18:39'),
(871, 13, 1, 7, '240', '2015-02-28 06:18:39', '2015-02-28 06:18:39'),
(872, 13, 1, 8, '244', '2015-02-28 06:18:39', '2015-02-28 06:18:39'),
(873, 13, 1, 9, '214', '2015-02-28 06:18:39', '2015-02-28 06:18:39'),
(874, 13, 1, 10, '248', '2015-02-28 06:18:39', '2015-02-28 06:18:39'),
(875, 13, 1, 11, '139', '2015-02-28 06:18:39', '2015-02-28 06:18:39'),
(876, 13, 1, 12, '253', '2015-02-28 06:18:39', '2015-02-28 06:18:39'),
(877, 13, 1, 13, '218', '2015-02-28 06:18:39', '2015-02-28 06:18:39'),
(878, 13, 1, 14, '211', '2015-02-28 06:18:39', '2015-02-28 06:18:39'),
(879, 13, 1, 15, '148', '2015-02-28 06:18:39', '2015-02-28 06:18:39'),
(880, 13, 1, 16, '212', '2015-02-28 06:18:39', '2015-02-28 06:18:39'),
(881, 13, 1, 17, '138', '2015-02-28 06:18:39', '2015-02-28 06:18:39'),
(882, 13, 1, 18, '213', '2015-02-28 06:18:39', '2015-02-28 06:18:39'),
(883, 13, 1, 19, '224', '2015-02-28 06:18:39', '2015-02-28 06:18:39'),
(884, 13, 1, 20, '242', '2015-02-28 06:18:39', '2015-02-28 06:18:39'),
(885, 13, 1, 21, '149', '2015-02-28 06:18:39', '2015-02-28 06:18:39'),
(886, 13, 1, 22, '150', '2015-02-28 06:18:39', '2015-02-28 06:18:39'),
(887, 13, 1, 23, '146', '2015-02-28 06:18:39', '2015-02-28 06:18:39'),
(888, 13, 1, 24, '247', '2015-02-28 06:18:39', '2015-02-28 06:18:39'),
(889, 13, 1, 25, '243', '2015-02-28 06:18:39', '2015-02-28 06:18:39'),
(890, 13, 1, 26, '236', '2015-02-28 06:18:39', '2015-02-28 06:18:39'),
(891, 13, 1, 27, '251', '2015-02-28 06:18:39', '2015-02-28 06:18:39'),
(892, 13, 1, 28, '142', '2015-02-28 06:18:39', '2015-02-28 06:18:39'),
(893, 13, 1, 29, '143', '2015-02-28 06:18:39', '2015-02-28 06:18:39'),
(894, 13, 1, 30, '215', '2015-02-28 06:18:39', '2015-02-28 06:18:39'),
(895, 13, 1, 31, '136', '2015-02-28 06:18:39', '2015-02-28 06:18:39'),
(896, 13, 1, 32, '245', '2015-02-28 06:18:39', '2015-02-28 06:18:39'),
(897, 13, 1, 33, '246', '2015-02-28 06:18:39', '2015-02-28 06:18:39'),
(898, 13, 1, 34, '252', '2015-02-28 06:18:39', '2015-02-28 06:18:39'),
(899, 13, 1, 35, '220', '2015-02-28 06:18:39', '2015-02-28 06:18:39'),
(900, 13, 1, 36, '250', '2015-02-28 06:18:39', '2015-02-28 06:18:39'),
(901, 13, 1, 37, '137', '2015-02-28 06:18:39', '2015-02-28 06:18:39'),
(902, 13, 1, 38, '147', '2015-02-28 06:18:39', '2015-02-28 06:18:39'),
(903, 13, 1, 39, '141', '2015-02-28 06:18:39', '2015-02-28 06:18:39'),
(904, 13, 1, 40, '230', '2015-02-28 06:18:39', '2015-02-28 06:18:39'),
(905, 13, 1, 41, '223', '2015-02-28 06:18:39', '2015-02-28 06:18:39'),
(906, 13, 1, 42, '140', '2015-02-28 06:18:39', '2015-02-28 06:18:39'),
(907, 13, 1, 43, '219', '2015-02-28 06:18:39', '2015-02-28 06:18:39'),
(908, 13, 1, 44, '222', '2015-02-28 06:18:39', '2015-02-28 06:18:39'),
(909, 13, 2, 0, '179', '2015-02-28 06:18:39', '2015-02-28 06:18:39'),
(910, 13, 2, 1, '187', '2015-02-28 06:18:39', '2015-02-28 06:18:39'),
(911, 13, 2, 2, '231', '2015-02-28 06:18:39', '2015-02-28 06:18:39'),
(912, 13, 2, 3, '177', '2015-02-28 06:18:39', '2015-02-28 06:18:39'),
(913, 13, 2, 4, '227', '2015-02-28 06:18:39', '2015-02-28 06:18:39'),
(914, 13, 2, 5, '232', '2015-02-28 06:18:39', '2015-02-28 06:18:39'),
(915, 13, 2, 6, '181', '2015-02-28 06:18:39', '2015-02-28 06:18:39'),
(916, 13, 2, 7, '182', '2015-02-28 06:18:39', '2015-02-28 06:18:39'),
(917, 13, 2, 8, '191', '2015-02-28 06:18:39', '2015-02-28 06:18:39'),
(918, 13, 2, 9, '241', '2015-02-28 06:18:39', '2015-02-28 06:18:39'),
(919, 13, 2, 10, '203', '2015-02-28 06:18:39', '2015-02-28 06:18:39'),
(920, 13, 2, 11, '229', '2015-02-28 06:18:39', '2015-02-28 06:18:39'),
(921, 13, 2, 12, '207', '2015-02-28 06:18:39', '2015-02-28 06:18:39'),
(922, 13, 2, 13, '202', '2015-02-28 06:18:39', '2015-02-28 06:18:39'),
(923, 13, 2, 14, '233', '2015-02-28 06:18:39', '2015-02-28 06:18:39'),
(924, 13, 2, 15, '201', '2015-02-28 06:18:39', '2015-02-28 06:18:39'),
(925, 13, 2, 16, '255', '2015-02-28 06:18:39', '2015-02-28 06:18:39'),
(926, 13, 2, 17, '192', '2015-02-28 06:18:39', '2015-02-28 06:18:39'),
(927, 13, 2, 18, '226', '2015-02-28 06:18:39', '2015-02-28 06:18:39'),
(928, 13, 2, 19, '254', '2015-02-28 06:18:39', '2015-02-28 06:18:39'),
(929, 13, 2, 20, '189', '2015-02-28 06:18:39', '2015-02-28 06:18:39'),
(930, 13, 2, 21, '184', '2015-02-28 06:18:39', '2015-02-28 06:18:39'),
(931, 13, 2, 22, '180', '2015-02-28 06:18:39', '2015-02-28 06:18:39'),
(932, 13, 2, 23, '239', '2015-02-28 06:18:39', '2015-02-28 06:18:39'),
(933, 13, 2, 24, '228', '2015-02-28 06:18:39', '2015-02-28 06:18:39'),
(934, 13, 2, 25, '176', '2015-02-28 06:18:39', '2015-02-28 06:18:39'),
(935, 13, 2, 26, '235', '2015-02-28 06:18:39', '2015-02-28 06:18:39'),
(936, 13, 2, 27, '195', '2015-02-28 06:18:39', '2015-02-28 06:18:39'),
(937, 13, 2, 28, '208', '2015-02-28 06:18:39', '2015-02-28 06:18:39'),
(938, 13, 2, 29, '185', '2015-02-28 06:18:39', '2015-02-28 06:18:39'),
(939, 13, 2, 30, '178', '2015-02-28 06:18:39', '2015-02-28 06:18:39'),
(940, 13, 2, 31, '204', '2015-02-28 06:18:39', '2015-02-28 06:18:39'),
(941, 13, 2, 32, '193', '2015-02-28 06:18:39', '2015-02-28 06:18:39'),
(942, 13, 2, 33, '238', '2015-02-28 06:18:39', '2015-02-28 06:18:39'),
(943, 13, 2, 34, '199', '2015-02-28 06:18:39', '2015-02-28 06:18:39'),
(944, 13, 2, 35, '194', '2015-02-28 06:18:39', '2015-02-28 06:18:39'),
(945, 13, 2, 36, '205', '2015-02-28 06:18:39', '2015-02-28 06:18:39'),
(946, 13, 2, 37, '200', '2015-02-28 06:18:39', '2015-02-28 06:18:39'),
(947, 13, 2, 38, '234', '2015-02-28 06:18:39', '2015-02-28 06:18:39'),
(948, 13, 2, 39, '196', '2015-02-28 06:18:39', '2015-02-28 06:18:39'),
(949, 13, 3, 0, '126', '2015-02-28 06:18:39', '2015-02-28 06:18:39'),
(950, 13, 3, 1, '156', '2015-02-28 06:18:39', '2015-02-28 06:18:39'),
(951, 13, 3, 2, '134', '2015-02-28 06:18:39', '2015-02-28 06:18:39'),
(952, 13, 3, 3, '174', '2015-02-28 06:18:39', '2015-02-28 06:18:39'),
(953, 13, 3, 4, '155', '2015-02-28 06:18:39', '2015-02-28 06:18:39'),
(954, 13, 3, 5, '131', '2015-02-28 06:18:39', '2015-02-28 06:18:39'),
(955, 13, 3, 6, '132', '2015-02-28 06:18:39', '2015-02-28 06:18:39'),
(956, 13, 3, 7, '135', '2015-02-28 06:18:39', '2015-02-28 06:18:39'),
(957, 13, 3, 8, '128', '2015-02-28 06:18:39', '2015-02-28 06:18:39'),
(958, 13, 3, 9, '154', '2015-02-28 06:18:39', '2015-02-28 06:18:39'),
(959, 13, 3, 10, '152', '2015-02-28 06:18:39', '2015-02-28 06:18:39'),
(960, 13, 3, 11, '157', '2015-02-28 06:18:39', '2015-02-28 06:18:39'),
(961, 13, 3, 12, '158', '2015-02-28 06:18:39', '2015-02-28 06:18:39'),
(962, 13, 3, 13, '151', '2015-02-28 06:18:39', '2015-02-28 06:18:39'),
(963, 13, 3, 14, '127', '2015-02-28 06:18:39', '2015-02-28 06:18:39'),
(964, 13, 3, 15, '153', '2015-02-28 06:18:39', '2015-02-28 06:18:39'),
(965, 13, 3, 16, '175', '2015-02-28 06:18:39', '2015-02-28 06:18:39'),
(966, 13, 3, 17, '130', '2015-02-28 06:18:39', '2015-02-28 06:18:39'),
(967, 13, 3, 18, '159', '2015-02-28 06:18:39', '2015-02-28 06:18:39'),
(968, 13, 3, 19, '160', '2015-02-28 06:18:39', '2015-02-28 06:18:39'),
(969, 13, 3, 20, '161', '2015-02-28 06:18:39', '2015-02-28 06:18:39'),
(970, 13, 3, 21, '162', '2015-02-28 06:18:39', '2015-02-28 06:18:39'),
(971, 13, 3, 22, '163', '2015-02-28 06:18:39', '2015-02-28 06:18:39'),
(972, 13, 3, 23, '165', '2015-02-28 06:18:39', '2015-02-28 06:18:39'),
(973, 13, 3, 24, '164', '2015-02-28 06:18:39', '2015-02-28 06:18:39'),
(974, 13, 3, 25, '169', '2015-02-28 06:18:39', '2015-02-28 06:18:39'),
(975, 13, 3, 26, '166', '2015-02-28 06:18:39', '2015-02-28 06:18:39'),
(976, 13, 3, 27, '167', '2015-02-28 06:18:39', '2015-02-28 06:18:39'),
(977, 13, 3, 28, '168', '2015-02-28 06:18:39', '2015-02-28 06:18:39'),
(978, 13, 3, 29, '170', '2015-02-28 06:18:39', '2015-02-28 06:18:39'),
(979, 13, 3, 30, '171', '2015-02-28 06:18:39', '2015-02-28 06:18:39'),
(980, 13, 3, 31, '172', '2015-02-28 06:18:39', '2015-02-28 06:18:39'),
(981, 13, 3, 32, '129', '2015-02-28 06:18:39', '2015-02-28 06:18:39'),
(982, 13, 3, 33, '133', '2015-02-28 06:18:39', '2015-02-28 06:18:39'),
(983, 13, 3, 34, '173', '2015-02-28 06:18:39', '2015-02-28 06:18:39'),
(984, 14, 1, 0, '215', '2015-02-28 06:29:57', '2015-02-28 06:29:57'),
(985, 14, 1, 1, '220', '2015-02-28 06:29:57', '2015-02-28 06:29:57'),
(986, 14, 1, 2, '230', '2015-02-28 06:29:57', '2015-02-28 06:29:57'),
(987, 14, 1, 3, '248', '2015-02-28 06:29:57', '2015-02-28 06:29:57'),
(988, 14, 1, 4, '138', '2015-02-28 06:29:57', '2015-02-28 06:29:57'),
(989, 14, 1, 5, '149', '2015-02-28 06:29:57', '2015-02-28 06:29:57'),
(990, 14, 1, 6, '146', '2015-02-28 06:29:57', '2015-02-28 06:29:57'),
(991, 14, 1, 7, '253', '2015-02-28 06:29:57', '2015-02-28 06:29:57'),
(992, 14, 1, 8, '249', '2015-02-28 06:29:57', '2015-02-28 06:29:57'),
(993, 14, 1, 9, '251', '2015-02-28 06:29:57', '2015-02-28 06:29:57'),
(994, 14, 1, 10, '223', '2015-02-28 06:29:57', '2015-02-28 06:29:57'),
(995, 14, 1, 11, '250', '2015-02-28 06:29:57', '2015-02-28 06:29:57'),
(996, 14, 1, 12, '143', '2015-02-28 06:29:57', '2015-02-28 06:29:57'),
(997, 14, 1, 13, '236', '2015-02-28 06:29:57', '2015-02-28 06:29:57'),
(998, 14, 1, 14, '145', '2015-02-28 06:29:57', '2015-02-28 06:29:57'),
(999, 14, 1, 15, '219', '2015-02-28 06:29:57', '2015-02-28 06:29:57'),
(1000, 14, 1, 16, '150', '2015-02-28 06:29:57', '2015-02-28 06:29:57'),
(1001, 14, 1, 17, '136', '2015-02-28 06:29:57', '2015-02-28 06:29:57'),
(1002, 14, 1, 18, '141', '2015-02-28 06:29:57', '2015-02-28 06:29:57'),
(1003, 14, 1, 19, '221', '2015-02-28 06:29:57', '2015-02-28 06:29:57'),
(1004, 14, 1, 20, '140', '2015-02-28 06:29:57', '2015-02-28 06:29:57'),
(1005, 14, 1, 21, '244', '2015-02-28 06:29:57', '2015-02-28 06:29:57'),
(1006, 14, 1, 22, '240', '2015-02-28 06:29:57', '2015-02-28 06:29:57'),
(1007, 14, 1, 23, '147', '2015-02-28 06:29:57', '2015-02-28 06:29:57'),
(1008, 14, 1, 24, '224', '2015-02-28 06:29:57', '2015-02-28 06:29:57'),
(1009, 14, 1, 25, '214', '2015-02-28 06:29:57', '2015-02-28 06:29:57'),
(1010, 14, 1, 26, '216', '2015-02-28 06:29:57', '2015-02-28 06:29:57'),
(1011, 14, 1, 27, '218', '2015-02-28 06:29:57', '2015-02-28 06:29:57'),
(1012, 14, 1, 28, '212', '2015-02-28 06:29:57', '2015-02-28 06:29:57'),
(1013, 14, 1, 29, '243', '2015-02-28 06:29:57', '2015-02-28 06:29:57'),
(1014, 14, 1, 30, '247', '2015-02-28 06:29:57', '2015-02-28 06:29:57'),
(1015, 14, 1, 31, '246', '2015-02-28 06:29:57', '2015-02-28 06:29:57'),
(1016, 14, 1, 32, '139', '2015-02-28 06:29:57', '2015-02-28 06:29:57'),
(1017, 14, 1, 33, '245', '2015-02-28 06:29:57', '2015-02-28 06:29:57'),
(1018, 14, 1, 34, '242', '2015-02-28 06:29:57', '2015-02-28 06:29:57'),
(1019, 14, 1, 35, '252', '2015-02-28 06:29:57', '2015-02-28 06:29:57'),
(1020, 14, 1, 36, '144', '2015-02-28 06:29:57', '2015-02-28 06:29:57'),
(1021, 14, 1, 37, '142', '2015-02-28 06:29:57', '2015-02-28 06:29:57'),
(1022, 14, 1, 38, '211', '2015-02-28 06:29:57', '2015-02-28 06:29:57'),
(1023, 14, 1, 39, '213', '2015-02-28 06:29:57', '2015-02-28 06:29:57'),
(1024, 14, 1, 40, '148', '2015-02-28 06:29:57', '2015-02-28 06:29:57'),
(1025, 14, 1, 41, '217', '2015-02-28 06:29:57', '2015-02-28 06:29:57'),
(1026, 14, 1, 42, '225', '2015-02-28 06:29:57', '2015-02-28 06:29:57'),
(1027, 14, 1, 43, '137', '2015-02-28 06:29:57', '2015-02-28 06:29:57'),
(1028, 14, 1, 44, '222', '2015-02-28 06:29:57', '2015-02-28 06:29:57'),
(1029, 14, 2, 0, '181', '2015-02-28 06:29:57', '2015-02-28 06:29:57'),
(1030, 14, 2, 1, '184', '2015-02-28 06:29:57', '2015-02-28 06:29:57'),
(1031, 14, 2, 2, '226', '2015-02-28 06:29:57', '2015-02-28 06:29:57'),
(1032, 14, 2, 3, '177', '2015-02-28 06:29:57', '2015-02-28 06:29:57'),
(1033, 14, 2, 4, '202', '2015-02-28 06:29:57', '2015-02-28 06:29:57'),
(1034, 14, 2, 5, '195', '2015-02-28 06:29:57', '2015-02-28 06:29:57'),
(1035, 14, 2, 6, '180', '2015-02-28 06:29:57', '2015-02-28 06:29:57'),
(1036, 14, 2, 7, '182', '2015-02-28 06:29:57', '2015-02-28 06:29:57'),
(1037, 14, 2, 8, '201', '2015-02-28 06:29:57', '2015-02-28 06:29:57'),
(1038, 14, 2, 9, '254', '2015-02-28 06:29:57', '2015-02-28 06:29:57'),
(1039, 14, 2, 10, '185', '2015-02-28 06:29:57', '2015-02-28 06:29:57'),
(1040, 14, 2, 11, '233', '2015-02-28 06:29:57', '2015-02-28 06:29:57'),
(1041, 14, 2, 12, '239', '2015-02-28 06:29:57', '2015-02-28 06:29:57'),
(1042, 14, 2, 13, '192', '2015-02-28 06:29:57', '2015-02-28 06:29:57'),
(1043, 14, 2, 14, '193', '2015-02-28 06:29:57', '2015-02-28 06:29:57'),
(1044, 14, 2, 15, '205', '2015-02-28 06:29:57', '2015-02-28 06:29:57'),
(1045, 14, 2, 16, '204', '2015-02-28 06:29:57', '2015-02-28 06:29:57'),
(1046, 14, 2, 17, '176', '2015-02-28 06:29:57', '2015-02-28 06:29:57'),
(1047, 14, 2, 18, '229', '2015-02-28 06:29:57', '2015-02-28 06:29:57'),
(1048, 14, 2, 19, '191', '2015-02-28 06:29:57', '2015-02-28 06:29:57'),
(1049, 14, 2, 20, '203', '2015-02-28 06:29:57', '2015-02-28 06:29:57'),
(1050, 14, 2, 21, '194', '2015-02-28 06:29:57', '2015-02-28 06:29:57'),
(1051, 14, 2, 22, '234', '2015-02-28 06:29:57', '2015-02-28 06:29:57'),
(1052, 14, 2, 23, '228', '2015-02-28 06:29:57', '2015-02-28 06:29:57'),
(1053, 14, 2, 24, '187', '2015-02-28 06:29:57', '2015-02-28 06:29:57'),
(1054, 14, 2, 25, '207', '2015-02-28 06:29:57', '2015-02-28 06:29:57'),
(1055, 14, 2, 26, '178', '2015-02-28 06:29:57', '2015-02-28 06:29:57'),
(1056, 14, 2, 27, '255', '2015-02-28 06:29:57', '2015-02-28 06:29:57'),
(1057, 14, 2, 28, '241', '2015-02-28 06:29:57', '2015-02-28 06:29:57'),
(1058, 14, 2, 29, '231', '2015-02-28 06:29:57', '2015-02-28 06:29:57'),
(1059, 14, 2, 30, '199', '2015-02-28 06:29:57', '2015-02-28 06:29:57'),
(1060, 14, 2, 31, '189', '2015-02-28 06:29:57', '2015-02-28 06:29:57'),
(1061, 14, 2, 32, '238', '2015-02-28 06:29:57', '2015-02-28 06:29:57'),
(1062, 14, 2, 33, '196', '2015-02-28 06:29:57', '2015-02-28 06:29:57'),
(1063, 14, 2, 34, '235', '2015-02-28 06:29:57', '2015-02-28 06:29:57'),
(1064, 14, 2, 35, '200', '2015-02-28 06:29:57', '2015-02-28 06:29:57'),
(1065, 14, 2, 36, '227', '2015-02-28 06:29:57', '2015-02-28 06:29:57'),
(1066, 14, 2, 37, '232', '2015-02-28 06:29:57', '2015-02-28 06:29:57'),
(1067, 14, 2, 38, '208', '2015-02-28 06:29:57', '2015-02-28 06:29:57'),
(1068, 14, 2, 39, '179', '2015-02-28 06:29:57', '2015-02-28 06:29:57'),
(1069, 14, 3, 0, '173', '2015-02-28 06:29:57', '2015-02-28 06:29:57'),
(1070, 14, 3, 1, '135', '2015-02-28 06:29:57', '2015-02-28 06:29:57'),
(1071, 14, 3, 2, '175', '2015-02-28 06:29:57', '2015-02-28 06:29:57'),
(1072, 14, 3, 3, '174', '2015-02-28 06:29:57', '2015-02-28 06:29:57'),
(1073, 14, 3, 4, '134', '2015-02-28 06:29:57', '2015-02-28 06:29:57'),
(1074, 14, 3, 5, '131', '2015-02-28 06:29:57', '2015-02-28 06:29:57'),
(1075, 14, 3, 6, '132', '2015-02-28 06:29:57', '2015-02-28 06:29:57'),
(1076, 14, 3, 7, '151', '2015-02-28 06:29:57', '2015-02-28 06:29:57'),
(1077, 14, 3, 8, '130', '2015-02-28 06:29:57', '2015-02-28 06:29:57'),
(1078, 14, 3, 9, '159', '2015-02-28 06:29:57', '2015-02-28 06:29:57'),
(1079, 14, 3, 10, '127', '2015-02-28 06:29:57', '2015-02-28 06:29:57'),
(1080, 14, 3, 11, '166', '2015-02-28 06:29:57', '2015-02-28 06:29:57'),
(1081, 14, 3, 12, '129', '2015-02-28 06:29:57', '2015-02-28 06:29:57'),
(1082, 14, 3, 13, '155', '2015-02-28 06:29:57', '2015-02-28 06:29:57'),
(1083, 14, 3, 14, '154', '2015-02-28 06:29:57', '2015-02-28 06:29:57'),
(1084, 14, 3, 15, '128', '2015-02-28 06:29:57', '2015-02-28 06:29:57'),
(1085, 14, 3, 16, '157', '2015-02-28 06:29:57', '2015-02-28 06:29:57'),
(1086, 14, 3, 17, '126', '2015-02-28 06:29:57', '2015-02-28 06:29:57'),
(1087, 14, 3, 18, '152', '2015-02-28 06:29:57', '2015-02-28 06:29:57'),
(1088, 14, 3, 19, '160', '2015-02-28 06:29:57', '2015-02-28 06:29:57'),
(1089, 14, 3, 20, '161', '2015-02-28 06:29:57', '2015-02-28 06:29:57'),
(1090, 14, 3, 21, '162', '2015-02-28 06:29:57', '2015-02-28 06:29:57');
INSERT INTO `qsortables` (`id`, `qpackage_id`, `qtype_id`, `index`, `question_id`, `created_at`, `updated_at`) VALUES
(1091, 14, 3, 22, '163', '2015-02-28 06:29:57', '2015-02-28 06:29:57'),
(1092, 14, 3, 23, '165', '2015-02-28 06:29:57', '2015-02-28 06:29:57'),
(1093, 14, 3, 24, '164', '2015-02-28 06:29:57', '2015-02-28 06:29:57'),
(1094, 14, 3, 25, '169', '2015-02-28 06:29:57', '2015-02-28 06:29:57'),
(1095, 14, 3, 26, '153', '2015-02-28 06:29:57', '2015-02-28 06:29:57'),
(1096, 14, 3, 27, '167', '2015-02-28 06:29:57', '2015-02-28 06:29:57'),
(1097, 14, 3, 28, '168', '2015-02-28 06:29:57', '2015-02-28 06:29:57'),
(1098, 14, 3, 29, '170', '2015-02-28 06:29:57', '2015-02-28 06:29:57'),
(1099, 14, 3, 30, '171', '2015-02-28 06:29:57', '2015-02-28 06:29:57'),
(1100, 14, 3, 31, '172', '2015-02-28 06:29:57', '2015-02-28 06:29:57'),
(1101, 14, 3, 32, '156', '2015-02-28 06:29:57', '2015-02-28 06:29:57'),
(1102, 14, 3, 33, '158', '2015-02-28 06:29:57', '2015-02-28 06:29:57'),
(1103, 14, 3, 34, '133', '2015-02-28 06:29:57', '2015-02-28 06:29:57'),
(1104, 15, 1, 0, '249', '2015-02-28 06:58:06', '2015-02-28 06:58:06'),
(1105, 15, 1, 1, '215', '2015-02-28 06:58:06', '2015-02-28 06:58:06'),
(1106, 15, 1, 2, '221', '2015-02-28 06:58:06', '2015-02-28 06:58:06'),
(1107, 15, 1, 3, '230', '2015-02-28 06:58:06', '2015-02-28 06:58:06'),
(1108, 15, 1, 4, '253', '2015-02-28 06:58:06', '2015-02-28 06:58:06'),
(1109, 15, 1, 5, '251', '2015-02-28 06:58:06', '2015-02-28 06:58:06'),
(1110, 15, 1, 6, '223', '2015-02-28 06:58:06', '2015-02-28 06:58:06'),
(1111, 15, 1, 7, '252', '2015-02-28 06:58:06', '2015-02-28 06:58:06'),
(1112, 15, 1, 8, '247', '2015-02-28 06:58:06', '2015-02-28 06:58:06'),
(1113, 15, 1, 9, '137', '2015-02-28 06:58:06', '2015-02-28 06:58:06'),
(1114, 15, 1, 10, '244', '2015-02-28 06:58:06', '2015-02-28 06:58:06'),
(1115, 15, 1, 11, '144', '2015-02-28 06:58:06', '2015-02-28 06:58:06'),
(1116, 15, 1, 12, '216', '2015-02-28 06:58:06', '2015-02-28 06:58:06'),
(1117, 15, 1, 13, '242', '2015-02-28 06:58:06', '2015-02-28 06:58:06'),
(1118, 15, 1, 14, '220', '2015-02-28 06:58:06', '2015-02-28 06:58:06'),
(1119, 15, 1, 15, '141', '2015-02-28 06:58:06', '2015-02-28 06:58:06'),
(1120, 15, 1, 16, '217', '2015-02-28 06:58:06', '2015-02-28 06:58:06'),
(1121, 15, 1, 17, '146', '2015-02-28 06:58:06', '2015-02-28 06:58:06'),
(1122, 15, 1, 18, '218', '2015-02-28 06:58:06', '2015-02-28 06:58:06'),
(1123, 15, 1, 19, '143', '2015-02-28 06:58:06', '2015-02-28 06:58:06'),
(1124, 15, 1, 20, '219', '2015-02-28 06:58:06', '2015-02-28 06:58:06'),
(1125, 15, 1, 21, '149', '2015-02-28 06:58:06', '2015-02-28 06:58:06'),
(1126, 15, 1, 22, '214', '2015-02-28 06:58:06', '2015-02-28 06:58:06'),
(1127, 15, 1, 23, '139', '2015-02-28 06:58:06', '2015-02-28 06:58:06'),
(1128, 15, 1, 24, '240', '2015-02-28 06:58:06', '2015-02-28 06:58:06'),
(1129, 15, 1, 25, '248', '2015-02-28 06:58:06', '2015-02-28 06:58:06'),
(1130, 15, 1, 26, '142', '2015-02-28 06:58:06', '2015-02-28 06:58:06'),
(1131, 15, 1, 27, '140', '2015-02-28 06:58:06', '2015-02-28 06:58:06'),
(1132, 15, 1, 28, '225', '2015-02-28 06:58:06', '2015-02-28 06:58:06'),
(1133, 15, 1, 29, '243', '2015-02-28 06:58:06', '2015-02-28 06:58:06'),
(1134, 15, 1, 30, '136', '2015-02-28 06:58:06', '2015-02-28 06:58:06'),
(1135, 15, 1, 31, '236', '2015-02-28 06:58:06', '2015-02-28 06:58:06'),
(1136, 15, 1, 32, '145', '2015-02-28 06:58:06', '2015-02-28 06:58:06'),
(1137, 15, 1, 33, '222', '2015-02-28 06:58:06', '2015-02-28 06:58:06'),
(1138, 15, 1, 34, '211', '2015-02-28 06:58:06', '2015-02-28 06:58:06'),
(1139, 15, 1, 35, '150', '2015-02-28 06:58:06', '2015-02-28 06:58:06'),
(1140, 15, 1, 36, '246', '2015-02-28 06:58:06', '2015-02-28 06:58:06'),
(1141, 15, 1, 37, '212', '2015-02-28 06:58:06', '2015-02-28 06:58:06'),
(1142, 15, 1, 38, '147', '2015-02-28 06:58:06', '2015-02-28 06:58:06'),
(1143, 15, 1, 39, '148', '2015-02-28 06:58:06', '2015-02-28 06:58:06'),
(1144, 15, 1, 40, '245', '2015-02-28 06:58:06', '2015-02-28 06:58:06'),
(1145, 15, 1, 41, '213', '2015-02-28 06:58:06', '2015-02-28 06:58:06'),
(1146, 15, 1, 42, '138', '2015-02-28 06:58:06', '2015-02-28 06:58:06'),
(1147, 15, 1, 43, '250', '2015-02-28 06:58:06', '2015-02-28 06:58:06'),
(1148, 15, 1, 44, '224', '2015-02-28 06:58:06', '2015-02-28 06:58:06'),
(1149, 15, 2, 0, '199', '2015-02-28 06:58:06', '2015-02-28 06:58:06'),
(1150, 15, 2, 1, '184', '2015-02-28 06:58:06', '2015-02-28 06:58:06'),
(1151, 15, 2, 2, '228', '2015-02-28 06:58:06', '2015-02-28 06:58:06'),
(1152, 15, 2, 3, '239', '2015-02-28 06:58:06', '2015-02-28 06:58:06'),
(1153, 15, 2, 4, '234', '2015-02-28 06:58:06', '2015-02-28 06:58:06'),
(1154, 15, 2, 5, '226', '2015-02-28 06:58:06', '2015-02-28 06:58:06'),
(1155, 15, 2, 6, '177', '2015-02-28 06:58:06', '2015-02-28 06:58:06'),
(1156, 15, 2, 7, '233', '2015-02-28 06:58:06', '2015-02-28 06:58:06'),
(1157, 15, 2, 8, '195', '2015-02-28 06:58:06', '2015-02-28 06:58:06'),
(1158, 15, 2, 9, '229', '2015-02-28 06:58:06', '2015-02-28 06:58:06'),
(1159, 15, 2, 10, '200', '2015-02-28 06:58:06', '2015-02-28 06:58:06'),
(1160, 15, 2, 11, '235', '2015-02-28 06:58:06', '2015-02-28 06:58:06'),
(1161, 15, 2, 12, '192', '2015-02-28 06:58:06', '2015-02-28 06:58:06'),
(1162, 15, 2, 13, '204', '2015-02-28 06:58:06', '2015-02-28 06:58:06'),
(1163, 15, 2, 14, '189', '2015-02-28 06:58:06', '2015-02-28 06:58:06'),
(1164, 15, 2, 15, '182', '2015-02-28 06:58:06', '2015-02-28 06:58:06'),
(1165, 15, 2, 16, '193', '2015-02-28 06:58:06', '2015-02-28 06:58:06'),
(1166, 15, 2, 17, '178', '2015-02-28 06:58:06', '2015-02-28 06:58:06'),
(1167, 15, 2, 18, '181', '2015-02-28 06:58:06', '2015-02-28 06:58:06'),
(1168, 15, 2, 19, '231', '2015-02-28 06:58:06', '2015-02-28 06:58:06'),
(1169, 15, 2, 20, '202', '2015-02-28 06:58:06', '2015-02-28 06:58:06'),
(1170, 15, 2, 21, '185', '2015-02-28 06:58:06', '2015-02-28 06:58:06'),
(1171, 15, 2, 22, '179', '2015-02-28 06:58:06', '2015-02-28 06:58:06'),
(1172, 15, 2, 23, '196', '2015-02-28 06:58:06', '2015-02-28 06:58:06'),
(1173, 15, 2, 24, '205', '2015-02-28 06:58:06', '2015-02-28 06:58:06'),
(1174, 15, 2, 25, '238', '2015-02-28 06:58:06', '2015-02-28 06:58:06'),
(1175, 15, 2, 26, '254', '2015-02-28 06:58:06', '2015-02-28 06:58:06'),
(1176, 15, 2, 27, '180', '2015-02-28 06:58:06', '2015-02-28 06:58:06'),
(1177, 15, 2, 28, '227', '2015-02-28 06:58:06', '2015-02-28 06:58:06'),
(1178, 15, 2, 29, '191', '2015-02-28 06:58:06', '2015-02-28 06:58:06'),
(1179, 15, 2, 30, '232', '2015-02-28 06:58:06', '2015-02-28 06:58:06'),
(1180, 15, 2, 31, '207', '2015-02-28 06:58:06', '2015-02-28 06:58:06'),
(1181, 15, 2, 32, '208', '2015-02-28 06:58:06', '2015-02-28 06:58:06'),
(1182, 15, 2, 33, '176', '2015-02-28 06:58:06', '2015-02-28 06:58:06'),
(1183, 15, 2, 34, '203', '2015-02-28 06:58:06', '2015-02-28 06:58:06'),
(1184, 15, 2, 35, '241', '2015-02-28 06:58:06', '2015-02-28 06:58:06'),
(1185, 15, 2, 36, '201', '2015-02-28 06:58:06', '2015-02-28 06:58:06'),
(1186, 15, 2, 37, '194', '2015-02-28 06:58:06', '2015-02-28 06:58:06'),
(1187, 15, 2, 38, '187', '2015-02-28 06:58:06', '2015-02-28 06:58:06'),
(1188, 15, 2, 39, '255', '2015-02-28 06:58:06', '2015-02-28 06:58:06'),
(1189, 15, 3, 0, '155', '2015-02-28 06:58:06', '2015-02-28 06:58:06'),
(1190, 15, 3, 1, '135', '2015-02-28 06:58:06', '2015-02-28 06:58:06'),
(1191, 15, 3, 2, '154', '2015-02-28 06:58:06', '2015-02-28 06:58:06'),
(1192, 15, 3, 3, '151', '2015-02-28 06:58:06', '2015-02-28 06:58:06'),
(1193, 15, 3, 4, '175', '2015-02-28 06:58:06', '2015-02-28 06:58:06'),
(1194, 15, 3, 5, '131', '2015-02-28 06:58:06', '2015-02-28 06:58:06'),
(1195, 15, 3, 6, '132', '2015-02-28 06:58:06', '2015-02-28 06:58:06'),
(1196, 15, 3, 7, '166', '2015-02-28 06:58:06', '2015-02-28 06:58:06'),
(1197, 15, 3, 8, '158', '2015-02-28 06:58:06', '2015-02-28 06:58:06'),
(1198, 15, 3, 9, '134', '2015-02-28 06:58:06', '2015-02-28 06:58:06'),
(1199, 15, 3, 10, '174', '2015-02-28 06:58:06', '2015-02-28 06:58:06'),
(1200, 15, 3, 11, '128', '2015-02-28 06:58:06', '2015-02-28 06:58:06'),
(1201, 15, 3, 12, '133', '2015-02-28 06:58:06', '2015-02-28 06:58:06'),
(1202, 15, 3, 13, '159', '2015-02-28 06:58:06', '2015-02-28 06:58:06'),
(1203, 15, 3, 14, '173', '2015-02-28 06:58:06', '2015-02-28 06:58:06'),
(1204, 15, 3, 15, '157', '2015-02-28 06:58:06', '2015-02-28 06:58:06'),
(1205, 15, 3, 16, '127', '2015-02-28 06:58:06', '2015-02-28 06:58:06'),
(1206, 15, 3, 17, '152', '2015-02-28 06:58:06', '2015-02-28 06:58:06'),
(1207, 15, 3, 18, '129', '2015-02-28 06:58:06', '2015-02-28 06:58:06'),
(1208, 15, 3, 19, '160', '2015-02-28 06:58:06', '2015-02-28 06:58:06'),
(1209, 15, 3, 20, '161', '2015-02-28 06:58:06', '2015-02-28 06:58:06'),
(1210, 15, 3, 21, '162', '2015-02-28 06:58:06', '2015-02-28 06:58:06'),
(1211, 15, 3, 22, '163', '2015-02-28 06:58:06', '2015-02-28 06:58:06'),
(1212, 15, 3, 23, '164', '2015-02-28 06:58:06', '2015-02-28 06:58:06'),
(1213, 15, 3, 24, '165', '2015-02-28 06:58:06', '2015-02-28 06:58:06'),
(1214, 15, 3, 25, '153', '2015-02-28 06:58:06', '2015-02-28 06:58:06'),
(1215, 15, 3, 26, '167', '2015-02-28 06:58:06', '2015-02-28 06:58:06'),
(1216, 15, 3, 27, '168', '2015-02-28 06:58:06', '2015-02-28 06:58:06'),
(1217, 15, 3, 28, '169', '2015-02-28 06:58:06', '2015-02-28 06:58:06'),
(1218, 15, 3, 29, '170', '2015-02-28 06:58:06', '2015-02-28 06:58:06'),
(1219, 15, 3, 30, '171', '2015-02-28 06:58:06', '2015-02-28 06:58:06'),
(1220, 15, 3, 31, '172', '2015-02-28 06:58:06', '2015-02-28 06:58:06'),
(1221, 15, 3, 32, '130', '2015-02-28 06:58:06', '2015-02-28 06:58:06'),
(1222, 15, 3, 33, '126', '2015-02-28 06:58:06', '2015-02-28 06:58:06'),
(1223, 15, 3, 34, '156', '2015-02-28 06:58:06', '2015-02-28 06:58:06'),
(1224, 16, 1, 0, '242', '2015-02-28 07:29:18', '2015-02-28 07:29:18'),
(1225, 16, 1, 1, '243', '2015-02-28 07:29:18', '2015-02-28 07:29:18'),
(1226, 16, 1, 2, '230', '2015-02-28 07:29:18', '2015-02-28 07:29:18'),
(1227, 16, 1, 3, '215', '2015-02-28 07:29:18', '2015-02-28 07:29:18'),
(1228, 16, 1, 4, '244', '2015-02-28 07:29:18', '2015-02-28 07:29:18'),
(1229, 16, 1, 5, '223', '2015-02-28 07:29:18', '2015-02-28 07:29:18'),
(1230, 16, 1, 6, '225', '2015-02-28 07:29:18', '2015-02-28 07:29:18'),
(1231, 16, 1, 7, '220', '2015-02-28 07:29:18', '2015-02-28 07:29:18'),
(1232, 16, 1, 8, '137', '2015-02-28 07:29:18', '2015-02-28 07:29:18'),
(1233, 16, 1, 9, '222', '2015-02-28 07:29:18', '2015-02-28 07:29:18'),
(1234, 16, 1, 10, '216', '2015-02-28 07:29:18', '2015-02-28 07:29:18'),
(1235, 16, 1, 11, '249', '2015-02-28 07:29:18', '2015-02-28 07:29:18'),
(1236, 16, 1, 12, '150', '2015-02-28 07:29:18', '2015-02-28 07:29:18'),
(1237, 16, 1, 13, '250', '2015-02-28 07:29:18', '2015-02-28 07:29:18'),
(1238, 16, 1, 14, '236', '2015-02-28 07:29:18', '2015-02-28 07:29:18'),
(1239, 16, 1, 15, '141', '2015-02-28 07:29:18', '2015-02-28 07:29:18'),
(1240, 16, 1, 16, '145', '2015-02-28 07:29:18', '2015-02-28 07:29:18'),
(1241, 16, 1, 17, '143', '2015-02-28 07:29:18', '2015-02-28 07:29:18'),
(1242, 16, 1, 18, '211', '2015-02-28 07:29:18', '2015-02-28 07:29:18'),
(1243, 16, 1, 19, '246', '2015-02-28 07:29:18', '2015-02-28 07:29:18'),
(1244, 16, 1, 20, '138', '2015-02-28 07:29:18', '2015-02-28 07:29:18'),
(1245, 16, 1, 21, '212', '2015-02-28 07:29:18', '2015-02-28 07:29:18'),
(1246, 16, 1, 22, '218', '2015-02-28 07:29:18', '2015-02-28 07:29:18'),
(1247, 16, 1, 23, '213', '2015-02-28 07:29:18', '2015-02-28 07:29:18'),
(1248, 16, 1, 24, '142', '2015-02-28 07:29:18', '2015-02-28 07:29:18'),
(1249, 16, 1, 25, '148', '2015-02-28 07:29:18', '2015-02-28 07:29:18'),
(1250, 16, 1, 26, '221', '2015-02-28 07:29:18', '2015-02-28 07:29:18'),
(1251, 16, 1, 27, '149', '2015-02-28 07:29:18', '2015-02-28 07:29:18'),
(1252, 16, 1, 28, '219', '2015-02-28 07:29:18', '2015-02-28 07:29:18'),
(1253, 16, 1, 29, '139', '2015-02-28 07:29:18', '2015-02-28 07:29:18'),
(1254, 16, 1, 30, '245', '2015-02-28 07:29:18', '2015-02-28 07:29:18'),
(1255, 16, 1, 31, '144', '2015-02-28 07:29:18', '2015-02-28 07:29:18'),
(1256, 16, 1, 32, '248', '2015-02-28 07:29:18', '2015-02-28 07:29:18'),
(1257, 16, 1, 33, '240', '2015-02-28 07:29:18', '2015-02-28 07:29:18'),
(1258, 16, 1, 34, '253', '2015-02-28 07:29:18', '2015-02-28 07:29:18'),
(1259, 16, 1, 35, '140', '2015-02-28 07:29:18', '2015-02-28 07:29:18'),
(1260, 16, 1, 36, '214', '2015-02-28 07:29:18', '2015-02-28 07:29:18'),
(1261, 16, 1, 37, '247', '2015-02-28 07:29:18', '2015-02-28 07:29:18'),
(1262, 16, 1, 38, '217', '2015-02-28 07:29:18', '2015-02-28 07:29:18'),
(1263, 16, 1, 39, '251', '2015-02-28 07:29:18', '2015-02-28 07:29:18'),
(1264, 16, 1, 40, '146', '2015-02-28 07:29:18', '2015-02-28 07:29:18'),
(1265, 16, 1, 41, '224', '2015-02-28 07:29:18', '2015-02-28 07:29:18'),
(1266, 16, 1, 42, '252', '2015-02-28 07:29:18', '2015-02-28 07:29:18'),
(1267, 16, 1, 43, '147', '2015-02-28 07:29:18', '2015-02-28 07:29:18'),
(1268, 16, 1, 44, '136', '2015-02-28 07:29:18', '2015-02-28 07:29:18'),
(1269, 16, 2, 0, '204', '2015-02-28 07:29:18', '2015-02-28 07:29:18'),
(1270, 16, 2, 1, '180', '2015-02-28 07:29:18', '2015-02-28 07:29:18'),
(1271, 16, 2, 2, '238', '2015-02-28 07:29:18', '2015-02-28 07:29:18'),
(1272, 16, 2, 3, '181', '2015-02-28 07:29:18', '2015-02-28 07:29:18'),
(1273, 16, 2, 4, '185', '2015-02-28 07:29:18', '2015-02-28 07:29:18'),
(1274, 16, 2, 5, '199', '2015-02-28 07:29:18', '2015-02-28 07:29:18'),
(1275, 16, 2, 6, '184', '2015-02-28 07:29:18', '2015-02-28 07:29:18'),
(1276, 16, 2, 7, '208', '2015-02-28 07:29:18', '2015-02-28 07:29:18'),
(1277, 16, 2, 8, '233', '2015-02-28 07:29:18', '2015-02-28 07:29:18'),
(1278, 16, 2, 9, '196', '2015-02-28 07:29:18', '2015-02-28 07:29:18'),
(1279, 16, 2, 10, '194', '2015-02-28 07:29:18', '2015-02-28 07:29:18'),
(1280, 16, 2, 11, '200', '2015-02-28 07:29:18', '2015-02-28 07:29:18'),
(1281, 16, 2, 12, '191', '2015-02-28 07:29:18', '2015-02-28 07:29:18'),
(1282, 16, 2, 13, '227', '2015-02-28 07:29:18', '2015-02-28 07:29:18'),
(1283, 16, 2, 14, '192', '2015-02-28 07:29:18', '2015-02-28 07:29:18'),
(1284, 16, 2, 15, '195', '2015-02-28 07:29:18', '2015-02-28 07:29:18'),
(1285, 16, 2, 16, '234', '2015-02-28 07:29:18', '2015-02-28 07:29:18'),
(1286, 16, 2, 17, '254', '2015-02-28 07:29:18', '2015-02-28 07:29:18'),
(1287, 16, 2, 18, '228', '2015-02-28 07:29:18', '2015-02-28 07:29:18'),
(1288, 16, 2, 19, '201', '2015-02-28 07:29:18', '2015-02-28 07:29:18'),
(1289, 16, 2, 20, '235', '2015-02-28 07:29:18', '2015-02-28 07:29:18'),
(1290, 16, 2, 21, '203', '2015-02-28 07:29:18', '2015-02-28 07:29:18'),
(1291, 16, 2, 22, '178', '2015-02-28 07:29:18', '2015-02-28 07:29:18'),
(1292, 16, 2, 23, '255', '2015-02-28 07:29:18', '2015-02-28 07:29:18'),
(1293, 16, 2, 24, '187', '2015-02-28 07:29:18', '2015-02-28 07:29:18'),
(1294, 16, 2, 25, '226', '2015-02-28 07:29:18', '2015-02-28 07:29:18'),
(1295, 16, 2, 26, '241', '2015-02-28 07:29:18', '2015-02-28 07:29:18'),
(1296, 16, 2, 27, '205', '2015-02-28 07:29:18', '2015-02-28 07:29:18'),
(1297, 16, 2, 28, '179', '2015-02-28 07:29:18', '2015-02-28 07:29:18'),
(1298, 16, 2, 29, '239', '2015-02-28 07:29:18', '2015-02-28 07:29:18'),
(1299, 16, 2, 30, '232', '2015-02-28 07:29:18', '2015-02-28 07:29:18'),
(1300, 16, 2, 31, '176', '2015-02-28 07:29:18', '2015-02-28 07:29:18'),
(1301, 16, 2, 32, '231', '2015-02-28 07:29:18', '2015-02-28 07:29:18'),
(1302, 16, 2, 33, '177', '2015-02-28 07:29:18', '2015-02-28 07:29:18'),
(1303, 16, 2, 34, '189', '2015-02-28 07:29:18', '2015-02-28 07:29:18'),
(1304, 16, 2, 35, '207', '2015-02-28 07:29:18', '2015-02-28 07:29:18'),
(1305, 16, 2, 36, '202', '2015-02-28 07:29:18', '2015-02-28 07:29:18'),
(1306, 16, 2, 37, '193', '2015-02-28 07:29:18', '2015-02-28 07:29:18'),
(1307, 16, 2, 38, '182', '2015-02-28 07:29:18', '2015-02-28 07:29:18'),
(1308, 16, 2, 39, '229', '2015-02-28 07:29:18', '2015-02-28 07:29:18'),
(1309, 16, 3, 0, '128', '2015-02-28 07:29:18', '2015-02-28 07:29:18'),
(1310, 16, 3, 1, '156', '2015-02-28 07:29:18', '2015-02-28 07:29:18'),
(1311, 16, 3, 2, '166', '2015-02-28 07:29:18', '2015-02-28 07:29:18'),
(1312, 16, 3, 3, '153', '2015-02-28 07:29:18', '2015-02-28 07:29:18'),
(1313, 16, 3, 4, '135', '2015-02-28 07:29:18', '2015-02-28 07:29:18'),
(1314, 16, 3, 5, '131', '2015-02-28 07:29:18', '2015-02-28 07:29:18'),
(1315, 16, 3, 6, '132', '2015-02-28 07:29:18', '2015-02-28 07:29:18'),
(1316, 16, 3, 7, '158', '2015-02-28 07:29:18', '2015-02-28 07:29:18'),
(1317, 16, 3, 8, '154', '2015-02-28 07:29:18', '2015-02-28 07:29:18'),
(1318, 16, 3, 9, '126', '2015-02-28 07:29:18', '2015-02-28 07:29:18'),
(1319, 16, 3, 10, '130', '2015-02-28 07:29:18', '2015-02-28 07:29:18'),
(1320, 16, 3, 11, '133', '2015-02-28 07:29:18', '2015-02-28 07:29:18'),
(1321, 16, 3, 12, '152', '2015-02-28 07:29:18', '2015-02-28 07:29:18'),
(1322, 16, 3, 13, '173', '2015-02-28 07:29:18', '2015-02-28 07:29:18'),
(1323, 16, 3, 14, '127', '2015-02-28 07:29:18', '2015-02-28 07:29:18'),
(1324, 16, 3, 15, '174', '2015-02-28 07:29:18', '2015-02-28 07:29:18'),
(1325, 16, 3, 16, '134', '2015-02-28 07:29:18', '2015-02-28 07:29:18'),
(1326, 16, 3, 17, '129', '2015-02-28 07:29:18', '2015-02-28 07:29:18'),
(1327, 16, 3, 18, '151', '2015-02-28 07:29:18', '2015-02-28 07:29:18'),
(1328, 16, 3, 19, '160', '2015-02-28 07:29:18', '2015-02-28 07:29:18'),
(1329, 16, 3, 20, '161', '2015-02-28 07:29:18', '2015-02-28 07:29:18'),
(1330, 16, 3, 21, '162', '2015-02-28 07:29:18', '2015-02-28 07:29:18'),
(1331, 16, 3, 22, '163', '2015-02-28 07:29:18', '2015-02-28 07:29:18'),
(1332, 16, 3, 23, '164', '2015-02-28 07:29:18', '2015-02-28 07:29:18'),
(1333, 16, 3, 24, '165', '2015-02-28 07:29:18', '2015-02-28 07:29:18'),
(1334, 16, 3, 25, '175', '2015-02-28 07:29:18', '2015-02-28 07:29:18'),
(1335, 16, 3, 26, '167', '2015-02-28 07:29:18', '2015-02-28 07:29:18'),
(1336, 16, 3, 27, '168', '2015-02-28 07:29:18', '2015-02-28 07:29:18'),
(1337, 16, 3, 28, '169', '2015-02-28 07:29:18', '2015-02-28 07:29:18'),
(1338, 16, 3, 29, '170', '2015-02-28 07:29:18', '2015-02-28 07:29:18'),
(1339, 16, 3, 30, '171', '2015-02-28 07:29:18', '2015-02-28 07:29:18'),
(1340, 16, 3, 31, '172', '2015-02-28 07:29:18', '2015-02-28 07:29:18'),
(1341, 16, 3, 32, '157', '2015-02-28 07:29:18', '2015-02-28 07:29:18'),
(1342, 16, 3, 33, '155', '2015-02-28 07:29:18', '2015-02-28 07:29:18'),
(1343, 16, 3, 34, '159', '2015-02-28 07:29:18', '2015-02-28 07:29:18'),
(1344, 17, 1, 0, '246', '2015-02-28 08:31:42', '2015-02-28 08:31:42'),
(1345, 17, 1, 1, '143', '2015-02-28 08:31:42', '2015-02-28 08:31:42'),
(1346, 17, 1, 2, '245', '2015-02-28 08:31:42', '2015-02-28 08:31:42'),
(1347, 17, 1, 3, '212', '2015-02-28 08:31:42', '2015-02-28 08:31:42'),
(1348, 17, 1, 4, '148', '2015-02-28 08:31:42', '2015-02-28 08:31:42'),
(1349, 17, 1, 5, '220', '2015-02-28 08:31:42', '2015-02-28 08:31:42'),
(1350, 17, 1, 6, '218', '2015-02-28 08:31:42', '2015-02-28 08:31:42'),
(1351, 17, 1, 7, '236', '2015-02-28 08:31:42', '2015-02-28 08:31:42'),
(1352, 17, 1, 8, '253', '2015-02-28 08:31:42', '2015-02-28 08:31:42'),
(1353, 17, 1, 9, '147', '2015-02-28 08:31:42', '2015-02-28 08:31:42'),
(1354, 17, 1, 10, '219', '2015-02-28 08:31:42', '2015-02-28 08:31:42'),
(1355, 17, 1, 11, '144', '2015-02-28 08:31:42', '2015-02-28 08:31:42'),
(1356, 17, 1, 12, '216', '2015-02-28 08:31:42', '2015-02-28 08:31:42'),
(1357, 17, 1, 13, '146', '2015-02-28 08:31:42', '2015-02-28 08:31:42'),
(1358, 17, 1, 14, '211', '2015-02-28 08:31:42', '2015-02-28 08:31:42'),
(1359, 17, 1, 15, '247', '2015-02-28 08:31:42', '2015-02-28 08:31:42'),
(1360, 17, 1, 16, '252', '2015-02-28 08:31:42', '2015-02-28 08:31:42'),
(1361, 17, 1, 17, '251', '2015-02-28 08:31:42', '2015-02-28 08:31:42'),
(1362, 17, 1, 18, '250', '2015-02-28 08:31:42', '2015-02-28 08:31:42'),
(1363, 17, 1, 19, '223', '2015-02-28 08:31:42', '2015-02-28 08:31:42'),
(1364, 17, 1, 20, '214', '2015-02-28 08:31:42', '2015-02-28 08:31:42'),
(1365, 17, 1, 21, '248', '2015-02-28 08:31:42', '2015-02-28 08:31:42'),
(1366, 17, 1, 22, '217', '2015-02-28 08:31:42', '2015-02-28 08:31:42'),
(1367, 17, 1, 23, '215', '2015-02-28 08:31:42', '2015-02-28 08:31:42'),
(1368, 17, 1, 24, '137', '2015-02-28 08:31:42', '2015-02-28 08:31:42'),
(1369, 17, 1, 25, '242', '2015-02-28 08:31:42', '2015-02-28 08:31:42'),
(1370, 17, 1, 26, '240', '2015-02-28 08:31:42', '2015-02-28 08:31:42'),
(1371, 17, 1, 27, '244', '2015-02-28 08:31:42', '2015-02-28 08:31:42'),
(1372, 17, 1, 28, '139', '2015-02-28 08:31:42', '2015-02-28 08:31:42'),
(1373, 17, 1, 29, '249', '2015-02-28 08:31:42', '2015-02-28 08:31:42'),
(1374, 17, 1, 30, '150', '2015-02-28 08:31:42', '2015-02-28 08:31:42'),
(1375, 17, 1, 31, '222', '2015-02-28 08:31:42', '2015-02-28 08:31:42'),
(1376, 17, 1, 32, '136', '2015-02-28 08:31:42', '2015-02-28 08:31:42'),
(1377, 17, 1, 33, '243', '2015-02-28 08:31:42', '2015-02-28 08:31:42'),
(1378, 17, 1, 34, '140', '2015-02-28 08:31:42', '2015-02-28 08:31:42'),
(1379, 17, 1, 35, '145', '2015-02-28 08:31:42', '2015-02-28 08:31:42'),
(1380, 17, 1, 36, '230', '2015-02-28 08:31:42', '2015-02-28 08:31:42'),
(1381, 17, 1, 37, '224', '2015-02-28 08:31:42', '2015-02-28 08:31:42'),
(1382, 17, 1, 38, '142', '2015-02-28 08:31:42', '2015-02-28 08:31:42'),
(1383, 17, 1, 39, '225', '2015-02-28 08:31:42', '2015-02-28 08:31:42'),
(1384, 17, 1, 40, '213', '2015-02-28 08:31:42', '2015-02-28 08:31:42'),
(1385, 17, 1, 41, '141', '2015-02-28 08:31:42', '2015-02-28 08:31:42'),
(1386, 17, 1, 42, '149', '2015-02-28 08:31:42', '2015-02-28 08:31:42'),
(1387, 17, 1, 43, '138', '2015-02-28 08:31:42', '2015-02-28 08:31:42'),
(1388, 17, 1, 44, '221', '2015-02-28 08:31:42', '2015-02-28 08:31:42'),
(1389, 17, 2, 0, '202', '2015-02-28 08:31:42', '2015-02-28 08:31:42'),
(1390, 17, 2, 1, '195', '2015-02-28 08:31:42', '2015-02-28 08:31:42'),
(1391, 17, 2, 2, '234', '2015-02-28 08:31:42', '2015-02-28 08:31:42'),
(1392, 17, 2, 3, '203', '2015-02-28 08:31:42', '2015-02-28 08:31:42'),
(1393, 17, 2, 4, '194', '2015-02-28 08:31:42', '2015-02-28 08:31:42'),
(1394, 17, 2, 5, '226', '2015-02-28 08:31:42', '2015-02-28 08:31:42'),
(1395, 17, 2, 6, '191', '2015-02-28 08:31:42', '2015-02-28 08:31:42'),
(1396, 17, 2, 7, '181', '2015-02-28 08:31:42', '2015-02-28 08:31:42'),
(1397, 17, 2, 8, '254', '2015-02-28 08:31:42', '2015-02-28 08:31:42'),
(1398, 17, 2, 9, '182', '2015-02-28 08:31:42', '2015-02-28 08:31:42'),
(1399, 17, 2, 10, '227', '2015-02-28 08:31:42', '2015-02-28 08:31:42'),
(1400, 17, 2, 11, '192', '2015-02-28 08:31:42', '2015-02-28 08:31:42'),
(1401, 17, 2, 12, '193', '2015-02-28 08:31:42', '2015-02-28 08:31:42'),
(1402, 17, 2, 13, '180', '2015-02-28 08:31:42', '2015-02-28 08:31:42'),
(1403, 17, 2, 14, '228', '2015-02-28 08:31:42', '2015-02-28 08:31:42'),
(1404, 17, 2, 15, '196', '2015-02-28 08:31:42', '2015-02-28 08:31:42'),
(1405, 17, 2, 16, '205', '2015-02-28 08:31:42', '2015-02-28 08:31:42'),
(1406, 17, 2, 17, '255', '2015-02-28 08:31:42', '2015-02-28 08:31:42'),
(1407, 17, 2, 18, '176', '2015-02-28 08:31:42', '2015-02-28 08:31:42'),
(1408, 17, 2, 19, '231', '2015-02-28 08:31:42', '2015-02-28 08:31:42'),
(1409, 17, 2, 20, '179', '2015-02-28 08:31:42', '2015-02-28 08:31:42'),
(1410, 17, 2, 21, '178', '2015-02-28 08:31:42', '2015-02-28 08:31:42'),
(1411, 17, 2, 22, '200', '2015-02-28 08:31:42', '2015-02-28 08:31:42'),
(1412, 17, 2, 23, '199', '2015-02-28 08:31:42', '2015-02-28 08:31:42'),
(1413, 17, 2, 24, '239', '2015-02-28 08:31:42', '2015-02-28 08:31:42'),
(1414, 17, 2, 25, '189', '2015-02-28 08:31:42', '2015-02-28 08:31:42'),
(1415, 17, 2, 26, '241', '2015-02-28 08:31:42', '2015-02-28 08:31:42'),
(1416, 17, 2, 27, '184', '2015-02-28 08:31:42', '2015-02-28 08:31:42'),
(1417, 17, 2, 28, '201', '2015-02-28 08:31:42', '2015-02-28 08:31:42'),
(1418, 17, 2, 29, '177', '2015-02-28 08:31:42', '2015-02-28 08:31:42'),
(1419, 17, 2, 30, '232', '2015-02-28 08:31:42', '2015-02-28 08:31:42'),
(1420, 17, 2, 31, '207', '2015-02-28 08:31:42', '2015-02-28 08:31:42'),
(1421, 17, 2, 32, '187', '2015-02-28 08:31:42', '2015-02-28 08:31:42'),
(1422, 17, 2, 33, '229', '2015-02-28 08:31:42', '2015-02-28 08:31:42'),
(1423, 17, 2, 34, '233', '2015-02-28 08:31:43', '2015-02-28 08:31:43'),
(1424, 17, 2, 35, '185', '2015-02-28 08:31:43', '2015-02-28 08:31:43'),
(1425, 17, 2, 36, '208', '2015-02-28 08:31:43', '2015-02-28 08:31:43'),
(1426, 17, 2, 37, '235', '2015-02-28 08:31:43', '2015-02-28 08:31:43'),
(1427, 17, 2, 38, '238', '2015-02-28 08:31:43', '2015-02-28 08:31:43'),
(1428, 17, 2, 39, '204', '2015-02-28 08:31:43', '2015-02-28 08:31:43'),
(1429, 17, 3, 0, '154', '2015-02-28 08:31:43', '2015-02-28 08:31:43'),
(1430, 17, 3, 1, '153', '2015-02-28 08:31:43', '2015-02-28 08:31:43'),
(1431, 17, 3, 2, '158', '2015-02-28 08:31:43', '2015-02-28 08:31:43'),
(1432, 17, 3, 3, '157', '2015-02-28 08:31:43', '2015-02-28 08:31:43'),
(1433, 17, 3, 4, '135', '2015-02-28 08:31:43', '2015-02-28 08:31:43'),
(1434, 17, 3, 5, '131', '2015-02-28 08:31:43', '2015-02-28 08:31:43'),
(1435, 17, 3, 6, '132', '2015-02-28 08:31:43', '2015-02-28 08:31:43'),
(1436, 17, 3, 7, '159', '2015-02-28 08:31:43', '2015-02-28 08:31:43'),
(1437, 17, 3, 8, '155', '2015-02-28 08:31:43', '2015-02-28 08:31:43'),
(1438, 17, 3, 9, '126', '2015-02-28 08:31:43', '2015-02-28 08:31:43'),
(1439, 17, 3, 10, '174', '2015-02-28 08:31:43', '2015-02-28 08:31:43'),
(1440, 17, 3, 11, '130', '2015-02-28 08:31:43', '2015-02-28 08:31:43'),
(1441, 17, 3, 12, '127', '2015-02-28 08:31:43', '2015-02-28 08:31:43'),
(1442, 17, 3, 13, '128', '2015-02-28 08:31:43', '2015-02-28 08:31:43'),
(1443, 17, 3, 14, '173', '2015-02-28 08:31:43', '2015-02-28 08:31:43'),
(1444, 17, 3, 15, '156', '2015-02-28 08:31:43', '2015-02-28 08:31:43'),
(1445, 17, 3, 16, '133', '2015-02-28 08:31:43', '2015-02-28 08:31:43'),
(1446, 17, 3, 17, '151', '2015-02-28 08:31:43', '2015-02-28 08:31:43'),
(1447, 17, 3, 18, '152', '2015-02-28 08:31:43', '2015-02-28 08:31:43'),
(1448, 17, 3, 19, '160', '2015-02-28 08:31:43', '2015-02-28 08:31:43'),
(1449, 17, 3, 20, '161', '2015-02-28 08:31:43', '2015-02-28 08:31:43'),
(1450, 17, 3, 21, '162', '2015-02-28 08:31:43', '2015-02-28 08:31:43'),
(1451, 17, 3, 22, '163', '2015-02-28 08:31:43', '2015-02-28 08:31:43'),
(1452, 17, 3, 23, '164', '2015-02-28 08:31:43', '2015-02-28 08:31:43'),
(1453, 17, 3, 24, '165', '2015-02-28 08:31:43', '2015-02-28 08:31:43'),
(1454, 17, 3, 25, '166', '2015-02-28 08:31:43', '2015-02-28 08:31:43'),
(1455, 17, 3, 26, '167', '2015-02-28 08:31:43', '2015-02-28 08:31:43'),
(1456, 17, 3, 27, '168', '2015-02-28 08:31:43', '2015-02-28 08:31:43'),
(1457, 17, 3, 28, '169', '2015-02-28 08:31:43', '2015-02-28 08:31:43'),
(1458, 17, 3, 29, '170', '2015-02-28 08:31:43', '2015-02-28 08:31:43'),
(1459, 17, 3, 30, '171', '2015-02-28 08:31:43', '2015-02-28 08:31:43'),
(1460, 17, 3, 31, '172', '2015-02-28 08:31:43', '2015-02-28 08:31:43'),
(1461, 17, 3, 32, '129', '2015-02-28 08:31:43', '2015-02-28 08:31:43'),
(1462, 17, 3, 33, '175', '2015-02-28 08:31:43', '2015-02-28 08:31:43'),
(1463, 17, 3, 34, '134', '2015-02-28 08:31:43', '2015-02-28 08:31:43'),
(1464, 18, 1, 0, '211', '2015-02-28 08:31:59', '2015-02-28 08:31:59'),
(1465, 18, 1, 1, '236', '2015-02-28 08:31:59', '2015-02-28 08:31:59'),
(1466, 18, 1, 2, '223', '2015-02-28 08:31:59', '2015-02-28 08:31:59'),
(1467, 18, 1, 3, '217', '2015-02-28 08:31:59', '2015-02-28 08:31:59'),
(1468, 18, 1, 4, '252', '2015-02-28 08:31:59', '2015-02-28 08:31:59'),
(1469, 18, 1, 5, '248', '2015-02-28 08:31:59', '2015-02-28 08:31:59'),
(1470, 18, 1, 6, '147', '2015-02-28 08:31:59', '2015-02-28 08:31:59'),
(1471, 18, 1, 7, '212', '2015-02-28 08:31:59', '2015-02-28 08:31:59'),
(1472, 18, 1, 8, '136', '2015-02-28 08:31:59', '2015-02-28 08:31:59'),
(1473, 18, 1, 9, '253', '2015-02-28 08:31:59', '2015-02-28 08:31:59'),
(1474, 18, 1, 10, '215', '2015-02-28 08:31:59', '2015-02-28 08:31:59'),
(1475, 18, 1, 11, '224', '2015-02-28 08:31:59', '2015-02-28 08:31:59'),
(1476, 18, 1, 12, '251', '2015-02-28 08:31:59', '2015-02-28 08:31:59'),
(1477, 18, 1, 13, '142', '2015-02-28 08:31:59', '2015-02-28 08:31:59'),
(1478, 18, 1, 14, '245', '2015-02-28 08:31:59', '2015-02-28 08:31:59'),
(1479, 18, 1, 15, '145', '2015-02-28 08:31:59', '2015-02-28 08:31:59'),
(1480, 18, 1, 16, '225', '2015-02-28 08:31:59', '2015-02-28 08:31:59'),
(1481, 18, 1, 17, '140', '2015-02-28 08:31:59', '2015-02-28 08:31:59'),
(1482, 18, 1, 18, '141', '2015-02-28 08:31:59', '2015-02-28 08:31:59'),
(1483, 18, 1, 19, '144', '2015-02-28 08:31:59', '2015-02-28 08:31:59'),
(1484, 18, 1, 20, '149', '2015-02-28 08:31:59', '2015-02-28 08:31:59'),
(1485, 18, 1, 21, '137', '2015-02-28 08:31:59', '2015-02-28 08:31:59'),
(1486, 18, 1, 22, '213', '2015-02-28 08:31:59', '2015-02-28 08:31:59'),
(1487, 18, 1, 23, '216', '2015-02-28 08:31:59', '2015-02-28 08:31:59'),
(1488, 18, 1, 24, '247', '2015-02-28 08:31:59', '2015-02-28 08:31:59'),
(1489, 18, 1, 25, '139', '2015-02-28 08:31:59', '2015-02-28 08:31:59'),
(1490, 18, 1, 26, '240', '2015-02-28 08:31:59', '2015-02-28 08:31:59'),
(1491, 18, 1, 27, '146', '2015-02-28 08:31:59', '2015-02-28 08:31:59'),
(1492, 18, 1, 28, '150', '2015-02-28 08:31:59', '2015-02-28 08:31:59'),
(1493, 18, 1, 29, '244', '2015-02-28 08:31:59', '2015-02-28 08:31:59'),
(1494, 18, 1, 30, '221', '2015-02-28 08:31:59', '2015-02-28 08:31:59'),
(1495, 18, 1, 31, '242', '2015-02-28 08:31:59', '2015-02-28 08:31:59'),
(1496, 18, 1, 32, '250', '2015-02-28 08:31:59', '2015-02-28 08:31:59'),
(1497, 18, 1, 33, '249', '2015-02-28 08:31:59', '2015-02-28 08:31:59'),
(1498, 18, 1, 34, '218', '2015-02-28 08:31:59', '2015-02-28 08:31:59'),
(1499, 18, 1, 35, '243', '2015-02-28 08:31:59', '2015-02-28 08:31:59'),
(1500, 18, 1, 36, '214', '2015-02-28 08:31:59', '2015-02-28 08:31:59'),
(1501, 18, 1, 37, '246', '2015-02-28 08:31:59', '2015-02-28 08:31:59'),
(1502, 18, 1, 38, '230', '2015-02-28 08:31:59', '2015-02-28 08:31:59'),
(1503, 18, 1, 39, '220', '2015-02-28 08:31:59', '2015-02-28 08:31:59'),
(1504, 18, 1, 40, '219', '2015-02-28 08:31:59', '2015-02-28 08:31:59'),
(1505, 18, 1, 41, '148', '2015-02-28 08:31:59', '2015-02-28 08:31:59'),
(1506, 18, 1, 42, '138', '2015-02-28 08:31:59', '2015-02-28 08:31:59'),
(1507, 18, 1, 43, '222', '2015-02-28 08:31:59', '2015-02-28 08:31:59'),
(1508, 18, 1, 44, '143', '2015-02-28 08:31:59', '2015-02-28 08:31:59'),
(1509, 18, 2, 0, '199', '2015-02-28 08:31:59', '2015-02-28 08:31:59'),
(1510, 18, 2, 1, '187', '2015-02-28 08:31:59', '2015-02-28 08:31:59'),
(1511, 18, 2, 2, '176', '2015-02-28 08:31:59', '2015-02-28 08:31:59'),
(1512, 18, 2, 3, '226', '2015-02-28 08:31:59', '2015-02-28 08:31:59'),
(1513, 18, 2, 4, '228', '2015-02-28 08:31:59', '2015-02-28 08:31:59'),
(1514, 18, 2, 5, '235', '2015-02-28 08:31:59', '2015-02-28 08:31:59'),
(1515, 18, 2, 6, '189', '2015-02-28 08:31:59', '2015-02-28 08:31:59'),
(1516, 18, 2, 7, '232', '2015-02-28 08:31:59', '2015-02-28 08:31:59'),
(1517, 18, 2, 8, '200', '2015-02-28 08:31:59', '2015-02-28 08:31:59'),
(1518, 18, 2, 9, '177', '2015-02-28 08:31:59', '2015-02-28 08:31:59'),
(1519, 18, 2, 10, '255', '2015-02-28 08:31:59', '2015-02-28 08:31:59'),
(1520, 18, 2, 11, '184', '2015-02-28 08:31:59', '2015-02-28 08:31:59'),
(1521, 18, 2, 12, '239', '2015-02-28 08:31:59', '2015-02-28 08:31:59'),
(1522, 18, 2, 13, '231', '2015-02-28 08:31:59', '2015-02-28 08:31:59'),
(1523, 18, 2, 14, '227', '2015-02-28 08:31:59', '2015-02-28 08:31:59'),
(1524, 18, 2, 15, '203', '2015-02-28 08:31:59', '2015-02-28 08:31:59'),
(1525, 18, 2, 16, '191', '2015-02-28 08:31:59', '2015-02-28 08:31:59'),
(1526, 18, 2, 17, '185', '2015-02-28 08:31:59', '2015-02-28 08:31:59'),
(1527, 18, 2, 18, '182', '2015-02-28 08:31:59', '2015-02-28 08:31:59'),
(1528, 18, 2, 19, '205', '2015-02-28 08:31:59', '2015-02-28 08:31:59'),
(1529, 18, 2, 20, '195', '2015-02-28 08:31:59', '2015-02-28 08:31:59'),
(1530, 18, 2, 21, '193', '2015-02-28 08:31:59', '2015-02-28 08:31:59'),
(1531, 18, 2, 22, '180', '2015-02-28 08:31:59', '2015-02-28 08:31:59'),
(1532, 18, 2, 23, '192', '2015-02-28 08:31:59', '2015-02-28 08:31:59'),
(1533, 18, 2, 24, '179', '2015-02-28 08:31:59', '2015-02-28 08:31:59'),
(1534, 18, 2, 25, '202', '2015-02-28 08:31:59', '2015-02-28 08:31:59'),
(1535, 18, 2, 26, '234', '2015-02-28 08:31:59', '2015-02-28 08:31:59'),
(1536, 18, 2, 27, '207', '2015-02-28 08:31:59', '2015-02-28 08:31:59'),
(1537, 18, 2, 28, '238', '2015-02-28 08:31:59', '2015-02-28 08:31:59'),
(1538, 18, 2, 29, '233', '2015-02-28 08:31:59', '2015-02-28 08:31:59'),
(1539, 18, 2, 30, '194', '2015-02-28 08:31:59', '2015-02-28 08:31:59'),
(1540, 18, 2, 31, '229', '2015-02-28 08:31:59', '2015-02-28 08:31:59'),
(1541, 18, 2, 32, '201', '2015-02-28 08:31:59', '2015-02-28 08:31:59'),
(1542, 18, 2, 33, '208', '2015-02-28 08:31:59', '2015-02-28 08:31:59'),
(1543, 18, 2, 34, '254', '2015-02-28 08:31:59', '2015-02-28 08:31:59'),
(1544, 18, 2, 35, '196', '2015-02-28 08:31:59', '2015-02-28 08:31:59'),
(1545, 18, 2, 36, '241', '2015-02-28 08:31:59', '2015-02-28 08:31:59'),
(1546, 18, 2, 37, '204', '2015-02-28 08:31:59', '2015-02-28 08:31:59'),
(1547, 18, 2, 38, '178', '2015-02-28 08:31:59', '2015-02-28 08:31:59'),
(1548, 18, 2, 39, '181', '2015-02-28 08:31:59', '2015-02-28 08:31:59'),
(1549, 18, 3, 0, '133', '2015-02-28 08:31:59', '2015-02-28 08:31:59'),
(1550, 18, 3, 1, '127', '2015-02-28 08:31:59', '2015-02-28 08:31:59'),
(1551, 18, 3, 2, '135', '2015-02-28 08:31:59', '2015-02-28 08:31:59'),
(1552, 18, 3, 3, '126', '2015-02-28 08:31:59', '2015-02-28 08:31:59'),
(1553, 18, 3, 4, '153', '2015-02-28 08:31:59', '2015-02-28 08:31:59'),
(1554, 18, 3, 5, '131', '2015-02-28 08:31:59', '2015-02-28 08:31:59'),
(1555, 18, 3, 6, '132', '2015-02-28 08:31:59', '2015-02-28 08:31:59'),
(1556, 18, 3, 7, '154', '2015-02-28 08:31:59', '2015-02-28 08:31:59'),
(1557, 18, 3, 8, '166', '2015-02-28 08:31:59', '2015-02-28 08:31:59'),
(1558, 18, 3, 9, '174', '2015-02-28 08:31:59', '2015-02-28 08:31:59'),
(1559, 18, 3, 10, '175', '2015-02-28 08:31:59', '2015-02-28 08:31:59'),
(1560, 18, 3, 11, '173', '2015-02-28 08:31:59', '2015-02-28 08:31:59'),
(1561, 18, 3, 12, '157', '2015-02-28 08:31:59', '2015-02-28 08:31:59'),
(1562, 18, 3, 13, '158', '2015-02-28 08:31:59', '2015-02-28 08:31:59'),
(1563, 18, 3, 14, '156', '2015-02-28 08:31:59', '2015-02-28 08:31:59'),
(1564, 18, 3, 15, '152', '2015-02-28 08:31:59', '2015-02-28 08:31:59'),
(1565, 18, 3, 16, '128', '2015-02-28 08:31:59', '2015-02-28 08:31:59'),
(1566, 18, 3, 17, '129', '2015-02-28 08:31:59', '2015-02-28 08:31:59'),
(1567, 18, 3, 18, '151', '2015-02-28 08:31:59', '2015-02-28 08:31:59'),
(1568, 18, 3, 19, '160', '2015-02-28 08:31:59', '2015-02-28 08:31:59'),
(1569, 18, 3, 20, '161', '2015-02-28 08:31:59', '2015-02-28 08:31:59'),
(1570, 18, 3, 21, '162', '2015-02-28 08:31:59', '2015-02-28 08:31:59'),
(1571, 18, 3, 22, '163', '2015-02-28 08:31:59', '2015-02-28 08:31:59'),
(1572, 18, 3, 23, '164', '2015-02-28 08:31:59', '2015-02-28 08:31:59'),
(1573, 18, 3, 24, '165', '2015-02-28 08:31:59', '2015-02-28 08:31:59'),
(1574, 18, 3, 25, '134', '2015-02-28 08:31:59', '2015-02-28 08:31:59'),
(1575, 18, 3, 26, '167', '2015-02-28 08:31:59', '2015-02-28 08:31:59'),
(1576, 18, 3, 27, '168', '2015-02-28 08:31:59', '2015-02-28 08:31:59'),
(1577, 18, 3, 28, '169', '2015-02-28 08:31:59', '2015-02-28 08:31:59'),
(1578, 18, 3, 29, '170', '2015-02-28 08:31:59', '2015-02-28 08:31:59'),
(1579, 18, 3, 30, '171', '2015-02-28 08:31:59', '2015-02-28 08:31:59'),
(1580, 18, 3, 31, '172', '2015-02-28 08:31:59', '2015-02-28 08:31:59'),
(1581, 18, 3, 32, '130', '2015-02-28 08:31:59', '2015-02-28 08:31:59'),
(1582, 18, 3, 33, '155', '2015-02-28 08:31:59', '2015-02-28 08:31:59'),
(1583, 18, 3, 34, '159', '2015-02-28 08:31:59', '2015-02-28 08:31:59'),
(1584, 19, 1, 0, '212', '2015-02-28 08:32:10', '2015-02-28 08:32:10'),
(1585, 19, 1, 1, '136', '2015-02-28 08:32:10', '2015-02-28 08:32:10'),
(1586, 19, 1, 2, '147', '2015-02-28 08:32:10', '2015-02-28 08:32:10'),
(1587, 19, 1, 3, '222', '2015-02-28 08:32:10', '2015-02-28 08:32:10'),
(1588, 19, 1, 4, '251', '2015-02-28 08:32:10', '2015-02-28 08:32:10'),
(1589, 19, 1, 5, '141', '2015-02-28 08:32:10', '2015-02-28 08:32:10'),
(1590, 19, 1, 6, '242', '2015-02-28 08:32:10', '2015-02-28 08:32:10'),
(1591, 19, 1, 7, '215', '2015-02-28 08:32:10', '2015-02-28 08:32:10'),
(1592, 19, 1, 8, '249', '2015-02-28 08:32:10', '2015-02-28 08:32:10'),
(1593, 19, 1, 9, '240', '2015-02-28 08:32:10', '2015-02-28 08:32:10'),
(1594, 19, 1, 10, '213', '2015-02-28 08:32:10', '2015-02-28 08:32:10'),
(1595, 19, 1, 11, '220', '2015-02-28 08:32:10', '2015-02-28 08:32:10'),
(1596, 19, 1, 12, '245', '2015-02-28 08:32:10', '2015-02-28 08:32:10'),
(1597, 19, 1, 13, '214', '2015-02-28 08:32:10', '2015-02-28 08:32:10'),
(1598, 19, 1, 14, '146', '2015-02-28 08:32:10', '2015-02-28 08:32:10'),
(1599, 19, 1, 15, '217', '2015-02-28 08:32:10', '2015-02-28 08:32:10'),
(1600, 19, 1, 16, '218', '2015-02-28 08:32:10', '2015-02-28 08:32:10'),
(1601, 19, 1, 17, '142', '2015-02-28 08:32:10', '2015-02-28 08:32:10'),
(1602, 19, 1, 18, '143', '2015-02-28 08:32:10', '2015-02-28 08:32:10'),
(1603, 19, 1, 19, '230', '2015-02-28 08:32:10', '2015-02-28 08:32:10'),
(1604, 19, 1, 20, '140', '2015-02-28 08:32:10', '2015-02-28 08:32:10'),
(1605, 19, 1, 21, '144', '2015-02-28 08:32:10', '2015-02-28 08:32:10'),
(1606, 19, 1, 22, '149', '2015-02-28 08:32:10', '2015-02-28 08:32:10'),
(1607, 19, 1, 23, '247', '2015-02-28 08:32:10', '2015-02-28 08:32:10'),
(1608, 19, 1, 24, '252', '2015-02-28 08:32:10', '2015-02-28 08:32:10'),
(1609, 19, 1, 25, '224', '2015-02-28 08:32:10', '2015-02-28 08:32:10'),
(1610, 19, 1, 26, '148', '2015-02-28 08:32:10', '2015-02-28 08:32:10'),
(1611, 19, 1, 27, '139', '2015-02-28 08:32:10', '2015-02-28 08:32:10'),
(1612, 19, 1, 28, '145', '2015-02-28 08:32:10', '2015-02-28 08:32:10'),
(1613, 19, 1, 29, '246', '2015-02-28 08:32:10', '2015-02-28 08:32:10'),
(1614, 19, 1, 30, '225', '2015-02-28 08:32:10', '2015-02-28 08:32:10'),
(1615, 19, 1, 31, '253', '2015-02-28 08:32:10', '2015-02-28 08:32:10'),
(1616, 19, 1, 32, '236', '2015-02-28 08:32:10', '2015-02-28 08:32:10'),
(1617, 19, 1, 33, '150', '2015-02-28 08:32:10', '2015-02-28 08:32:10'),
(1618, 19, 1, 34, '211', '2015-02-28 08:32:10', '2015-02-28 08:32:10'),
(1619, 19, 1, 35, '250', '2015-02-28 08:32:10', '2015-02-28 08:32:10'),
(1620, 19, 1, 36, '216', '2015-02-28 08:32:10', '2015-02-28 08:32:10'),
(1621, 19, 1, 37, '219', '2015-02-28 08:32:10', '2015-02-28 08:32:10'),
(1622, 19, 1, 38, '221', '2015-02-28 08:32:10', '2015-02-28 08:32:10'),
(1623, 19, 1, 39, '223', '2015-02-28 08:32:10', '2015-02-28 08:32:10'),
(1624, 19, 1, 40, '248', '2015-02-28 08:32:10', '2015-02-28 08:32:10'),
(1625, 19, 1, 41, '138', '2015-02-28 08:32:10', '2015-02-28 08:32:10'),
(1626, 19, 1, 42, '137', '2015-02-28 08:32:10', '2015-02-28 08:32:10'),
(1627, 19, 1, 43, '243', '2015-02-28 08:32:10', '2015-02-28 08:32:10'),
(1628, 19, 1, 44, '244', '2015-02-28 08:32:10', '2015-02-28 08:32:10'),
(1629, 19, 2, 0, '232', '2015-02-28 08:32:10', '2015-02-28 08:32:10'),
(1630, 19, 2, 1, '227', '2015-02-28 08:32:10', '2015-02-28 08:32:10'),
(1631, 19, 2, 2, '185', '2015-02-28 08:32:10', '2015-02-28 08:32:10'),
(1632, 19, 2, 3, '193', '2015-02-28 08:32:10', '2015-02-28 08:32:10'),
(1633, 19, 2, 4, '191', '2015-02-28 08:32:10', '2015-02-28 08:32:10'),
(1634, 19, 2, 5, '235', '2015-02-28 08:32:10', '2015-02-28 08:32:10'),
(1635, 19, 2, 6, '203', '2015-02-28 08:32:10', '2015-02-28 08:32:10'),
(1636, 19, 2, 7, '208', '2015-02-28 08:32:10', '2015-02-28 08:32:10'),
(1637, 19, 2, 8, '238', '2015-02-28 08:32:10', '2015-02-28 08:32:10'),
(1638, 19, 2, 9, '176', '2015-02-28 08:32:10', '2015-02-28 08:32:10'),
(1639, 19, 2, 10, '184', '2015-02-28 08:32:10', '2015-02-28 08:32:10'),
(1640, 19, 2, 11, '233', '2015-02-28 08:32:10', '2015-02-28 08:32:10'),
(1641, 19, 2, 12, '239', '2015-02-28 08:32:10', '2015-02-28 08:32:10'),
(1642, 19, 2, 13, '180', '2015-02-28 08:32:10', '2015-02-28 08:32:10'),
(1643, 19, 2, 14, '254', '2015-02-28 08:32:10', '2015-02-28 08:32:10'),
(1644, 19, 2, 15, '182', '2015-02-28 08:32:10', '2015-02-28 08:32:10'),
(1645, 19, 2, 16, '207', '2015-02-28 08:32:10', '2015-02-28 08:32:10'),
(1646, 19, 2, 17, '199', '2015-02-28 08:32:10', '2015-02-28 08:32:10'),
(1647, 19, 2, 18, '177', '2015-02-28 08:32:10', '2015-02-28 08:32:10'),
(1648, 19, 2, 19, '200', '2015-02-28 08:32:10', '2015-02-28 08:32:10'),
(1649, 19, 2, 20, '255', '2015-02-28 08:32:10', '2015-02-28 08:32:10'),
(1650, 19, 2, 21, '189', '2015-02-28 08:32:10', '2015-02-28 08:32:10'),
(1651, 19, 2, 22, '228', '2015-02-28 08:32:10', '2015-02-28 08:32:10'),
(1652, 19, 2, 23, '187', '2015-02-28 08:32:10', '2015-02-28 08:32:10'),
(1653, 19, 2, 24, '204', '2015-02-28 08:32:10', '2015-02-28 08:32:10'),
(1654, 19, 2, 25, '229', '2015-02-28 08:32:10', '2015-02-28 08:32:10'),
(1655, 19, 2, 26, '205', '2015-02-28 08:32:10', '2015-02-28 08:32:10'),
(1656, 19, 2, 27, '241', '2015-02-28 08:32:10', '2015-02-28 08:32:10'),
(1657, 19, 2, 28, '181', '2015-02-28 08:32:10', '2015-02-28 08:32:10'),
(1658, 19, 2, 29, '194', '2015-02-28 08:32:10', '2015-02-28 08:32:10'),
(1659, 19, 2, 30, '202', '2015-02-28 08:32:10', '2015-02-28 08:32:10'),
(1660, 19, 2, 31, '231', '2015-02-28 08:32:10', '2015-02-28 08:32:10'),
(1661, 19, 2, 32, '234', '2015-02-28 08:32:10', '2015-02-28 08:32:10'),
(1662, 19, 2, 33, '178', '2015-02-28 08:32:10', '2015-02-28 08:32:10'),
(1663, 19, 2, 34, '201', '2015-02-28 08:32:10', '2015-02-28 08:32:10'),
(1664, 19, 2, 35, '196', '2015-02-28 08:32:10', '2015-02-28 08:32:10'),
(1665, 19, 2, 36, '226', '2015-02-28 08:32:10', '2015-02-28 08:32:10'),
(1666, 19, 2, 37, '179', '2015-02-28 08:32:10', '2015-02-28 08:32:10'),
(1667, 19, 2, 38, '192', '2015-02-28 08:32:10', '2015-02-28 08:32:10'),
(1668, 19, 2, 39, '195', '2015-02-28 08:32:10', '2015-02-28 08:32:10'),
(1669, 19, 3, 0, '159', '2015-02-28 08:32:10', '2015-02-28 08:32:10'),
(1670, 19, 3, 1, '175', '2015-02-28 08:32:10', '2015-02-28 08:32:10'),
(1671, 19, 3, 2, '151', '2015-02-28 08:32:10', '2015-02-28 08:32:10'),
(1672, 19, 3, 3, '155', '2015-02-28 08:32:10', '2015-02-28 08:32:10'),
(1673, 19, 3, 4, '152', '2015-02-28 08:32:10', '2015-02-28 08:32:10'),
(1674, 19, 3, 5, '131', '2015-02-28 08:32:10', '2015-02-28 08:32:10'),
(1675, 19, 3, 6, '132', '2015-02-28 08:32:10', '2015-02-28 08:32:10'),
(1676, 19, 3, 7, '135', '2015-02-28 08:32:10', '2015-02-28 08:32:10'),
(1677, 19, 3, 8, '153', '2015-02-28 08:32:10', '2015-02-28 08:32:10'),
(1678, 19, 3, 9, '158', '2015-02-28 08:32:10', '2015-02-28 08:32:10'),
(1679, 19, 3, 10, '130', '2015-02-28 08:32:10', '2015-02-28 08:32:10'),
(1680, 19, 3, 11, '173', '2015-02-28 08:32:10', '2015-02-28 08:32:10'),
(1681, 19, 3, 12, '154', '2015-02-28 08:32:10', '2015-02-28 08:32:10'),
(1682, 19, 3, 13, '134', '2015-02-28 08:32:10', '2015-02-28 08:32:10'),
(1683, 19, 3, 14, '129', '2015-02-28 08:32:10', '2015-02-28 08:32:10'),
(1684, 19, 3, 15, '127', '2015-02-28 08:32:10', '2015-02-28 08:32:10'),
(1685, 19, 3, 16, '133', '2015-02-28 08:32:10', '2015-02-28 08:32:10'),
(1686, 19, 3, 17, '166', '2015-02-28 08:32:10', '2015-02-28 08:32:10'),
(1687, 19, 3, 18, '128', '2015-02-28 08:32:10', '2015-02-28 08:32:10'),
(1688, 19, 3, 19, '160', '2015-02-28 08:32:10', '2015-02-28 08:32:10'),
(1689, 19, 3, 20, '161', '2015-02-28 08:32:10', '2015-02-28 08:32:10'),
(1690, 19, 3, 21, '162', '2015-02-28 08:32:10', '2015-02-28 08:32:10'),
(1691, 19, 3, 22, '163', '2015-02-28 08:32:10', '2015-02-28 08:32:10'),
(1692, 19, 3, 23, '164', '2015-02-28 08:32:10', '2015-02-28 08:32:10'),
(1693, 19, 3, 24, '165', '2015-02-28 08:32:10', '2015-02-28 08:32:10'),
(1694, 19, 3, 25, '157', '2015-02-28 08:32:10', '2015-02-28 08:32:10'),
(1695, 19, 3, 26, '167', '2015-02-28 08:32:10', '2015-02-28 08:32:10'),
(1696, 19, 3, 27, '168', '2015-02-28 08:32:10', '2015-02-28 08:32:10'),
(1697, 19, 3, 28, '169', '2015-02-28 08:32:10', '2015-02-28 08:32:10'),
(1698, 19, 3, 29, '170', '2015-02-28 08:32:10', '2015-02-28 08:32:10'),
(1699, 19, 3, 30, '171', '2015-02-28 08:32:10', '2015-02-28 08:32:10'),
(1700, 19, 3, 31, '172', '2015-02-28 08:32:10', '2015-02-28 08:32:10'),
(1701, 19, 3, 32, '174', '2015-02-28 08:32:10', '2015-02-28 08:32:10'),
(1702, 19, 3, 33, '126', '2015-02-28 08:32:10', '2015-02-28 08:32:10'),
(1703, 19, 3, 34, '156', '2015-02-28 08:32:10', '2015-02-28 08:32:10'),
(1704, 20, 1, 0, '147', '2015-02-28 08:35:17', '2015-02-28 08:35:17'),
(1705, 20, 1, 1, '221', '2015-02-28 08:35:17', '2015-02-28 08:35:17'),
(1706, 20, 1, 2, '149', '2015-02-28 08:35:17', '2015-02-28 08:35:17'),
(1707, 20, 1, 3, '225', '2015-02-28 08:35:17', '2015-02-28 08:35:17'),
(1708, 20, 1, 4, '143', '2015-02-28 08:35:17', '2015-02-28 08:35:17'),
(1709, 20, 1, 5, '215', '2015-02-28 08:35:17', '2015-02-28 08:35:17'),
(1710, 20, 1, 6, '136', '2015-02-28 08:35:17', '2015-02-28 08:35:17'),
(1711, 20, 1, 7, '244', '2015-02-28 08:35:17', '2015-02-28 08:35:17'),
(1712, 20, 1, 8, '217', '2015-02-28 08:35:17', '2015-02-28 08:35:17'),
(1713, 20, 1, 9, '137', '2015-02-28 08:35:17', '2015-02-28 08:35:17'),
(1714, 20, 1, 10, '142', '2015-02-28 08:35:17', '2015-02-28 08:35:17'),
(1715, 20, 1, 11, '144', '2015-02-28 08:35:17', '2015-02-28 08:35:17'),
(1716, 20, 1, 12, '236', '2015-02-28 08:35:17', '2015-02-28 08:35:17'),
(1717, 20, 1, 13, '211', '2015-02-28 08:35:17', '2015-02-28 08:35:17'),
(1718, 20, 1, 14, '247', '2015-02-28 08:35:17', '2015-02-28 08:35:17'),
(1719, 20, 1, 15, '230', '2015-02-28 08:35:17', '2015-02-28 08:35:17'),
(1720, 20, 1, 16, '220', '2015-02-28 08:35:17', '2015-02-28 08:35:17'),
(1721, 20, 1, 17, '240', '2015-02-28 08:35:17', '2015-02-28 08:35:17'),
(1722, 20, 1, 18, '141', '2015-02-28 08:35:17', '2015-02-28 08:35:17'),
(1723, 20, 1, 19, '222', '2015-02-28 08:35:17', '2015-02-28 08:35:17'),
(1724, 20, 1, 20, '224', '2015-02-28 08:35:17', '2015-02-28 08:35:17'),
(1725, 20, 1, 21, '218', '2015-02-28 08:35:17', '2015-02-28 08:35:17'),
(1726, 20, 1, 22, '150', '2015-02-28 08:35:17', '2015-02-28 08:35:17'),
(1727, 20, 1, 23, '146', '2015-02-28 08:35:17', '2015-02-28 08:35:17'),
(1728, 20, 1, 24, '223', '2015-02-28 08:35:17', '2015-02-28 08:35:17'),
(1729, 20, 1, 25, '148', '2015-02-28 08:35:17', '2015-02-28 08:35:17'),
(1730, 20, 1, 26, '249', '2015-02-28 08:35:17', '2015-02-28 08:35:17'),
(1731, 20, 1, 27, '252', '2015-02-28 08:35:17', '2015-02-28 08:35:17'),
(1732, 20, 1, 28, '253', '2015-02-28 08:35:17', '2015-02-28 08:35:17'),
(1733, 20, 1, 29, '251', '2015-02-28 08:35:17', '2015-02-28 08:35:17'),
(1734, 20, 1, 30, '246', '2015-02-28 08:35:17', '2015-02-28 08:35:17'),
(1735, 20, 1, 31, '145', '2015-02-28 08:35:17', '2015-02-28 08:35:17'),
(1736, 20, 1, 32, '138', '2015-02-28 08:35:17', '2015-02-28 08:35:17'),
(1737, 20, 1, 33, '214', '2015-02-28 08:35:17', '2015-02-28 08:35:17'),
(1738, 20, 1, 34, '216', '2015-02-28 08:35:17', '2015-02-28 08:35:17'),
(1739, 20, 1, 35, '248', '2015-02-28 08:35:17', '2015-02-28 08:35:17'),
(1740, 20, 1, 36, '250', '2015-02-28 08:35:17', '2015-02-28 08:35:17'),
(1741, 20, 1, 37, '243', '2015-02-28 08:35:17', '2015-02-28 08:35:17'),
(1742, 20, 1, 38, '140', '2015-02-28 08:35:17', '2015-02-28 08:35:17'),
(1743, 20, 1, 39, '242', '2015-02-28 08:35:17', '2015-02-28 08:35:17'),
(1744, 20, 1, 40, '212', '2015-02-28 08:35:17', '2015-02-28 08:35:17'),
(1745, 20, 1, 41, '245', '2015-02-28 08:35:17', '2015-02-28 08:35:17'),
(1746, 20, 1, 42, '213', '2015-02-28 08:35:17', '2015-02-28 08:35:17'),
(1747, 20, 1, 43, '139', '2015-02-28 08:35:17', '2015-02-28 08:35:17'),
(1748, 20, 1, 44, '219', '2015-02-28 08:35:17', '2015-02-28 08:35:17'),
(1749, 20, 2, 0, '189', '2015-02-28 08:35:17', '2015-02-28 08:35:17'),
(1750, 20, 2, 1, '254', '2015-02-28 08:35:17', '2015-02-28 08:35:17'),
(1751, 20, 2, 2, '199', '2015-02-28 08:35:17', '2015-02-28 08:35:17'),
(1752, 20, 2, 3, '178', '2015-02-28 08:35:17', '2015-02-28 08:35:17'),
(1753, 20, 2, 4, '181', '2015-02-28 08:35:17', '2015-02-28 08:35:17'),
(1754, 20, 2, 5, '187', '2015-02-28 08:35:17', '2015-02-28 08:35:17'),
(1755, 20, 2, 6, '227', '2015-02-28 08:35:17', '2015-02-28 08:35:17'),
(1756, 20, 2, 7, '205', '2015-02-28 08:35:17', '2015-02-28 08:35:17'),
(1757, 20, 2, 8, '241', '2015-02-28 08:35:17', '2015-02-28 08:35:17'),
(1758, 20, 2, 9, '179', '2015-02-28 08:35:17', '2015-02-28 08:35:17'),
(1759, 20, 2, 10, '238', '2015-02-28 08:35:17', '2015-02-28 08:35:17'),
(1760, 20, 2, 11, '203', '2015-02-28 08:35:17', '2015-02-28 08:35:17'),
(1761, 20, 2, 12, '196', '2015-02-28 08:35:17', '2015-02-28 08:35:17'),
(1762, 20, 2, 13, '233', '2015-02-28 08:35:17', '2015-02-28 08:35:17'),
(1763, 20, 2, 14, '229', '2015-02-28 08:35:17', '2015-02-28 08:35:17'),
(1764, 20, 2, 15, '195', '2015-02-28 08:35:17', '2015-02-28 08:35:17'),
(1765, 20, 2, 16, '185', '2015-02-28 08:35:17', '2015-02-28 08:35:17'),
(1766, 20, 2, 17, '207', '2015-02-28 08:35:17', '2015-02-28 08:35:17'),
(1767, 20, 2, 18, '180', '2015-02-28 08:35:17', '2015-02-28 08:35:17'),
(1768, 20, 2, 19, '201', '2015-02-28 08:35:17', '2015-02-28 08:35:17'),
(1769, 20, 2, 20, '235', '2015-02-28 08:35:17', '2015-02-28 08:35:17'),
(1770, 20, 2, 21, '193', '2015-02-28 08:35:17', '2015-02-28 08:35:17'),
(1771, 20, 2, 22, '184', '2015-02-28 08:35:17', '2015-02-28 08:35:17'),
(1772, 20, 2, 23, '194', '2015-02-28 08:35:17', '2015-02-28 08:35:17'),
(1773, 20, 2, 24, '204', '2015-02-28 08:35:17', '2015-02-28 08:35:17'),
(1774, 20, 2, 25, '177', '2015-02-28 08:35:17', '2015-02-28 08:35:17'),
(1775, 20, 2, 26, '231', '2015-02-28 08:35:17', '2015-02-28 08:35:17'),
(1776, 20, 2, 27, '200', '2015-02-28 08:35:17', '2015-02-28 08:35:17'),
(1777, 20, 2, 28, '208', '2015-02-28 08:35:17', '2015-02-28 08:35:17'),
(1778, 20, 2, 29, '202', '2015-02-28 08:35:17', '2015-02-28 08:35:17'),
(1779, 20, 2, 30, '255', '2015-02-28 08:35:17', '2015-02-28 08:35:17'),
(1780, 20, 2, 31, '191', '2015-02-28 08:35:17', '2015-02-28 08:35:17'),
(1781, 20, 2, 32, '176', '2015-02-28 08:35:17', '2015-02-28 08:35:17'),
(1782, 20, 2, 33, '182', '2015-02-28 08:35:17', '2015-02-28 08:35:17'),
(1783, 20, 2, 34, '234', '2015-02-28 08:35:17', '2015-02-28 08:35:17'),
(1784, 20, 2, 35, '232', '2015-02-28 08:35:17', '2015-02-28 08:35:17'),
(1785, 20, 2, 36, '226', '2015-02-28 08:35:17', '2015-02-28 08:35:17'),
(1786, 20, 2, 37, '192', '2015-02-28 08:35:17', '2015-02-28 08:35:17'),
(1787, 20, 2, 38, '228', '2015-02-28 08:35:17', '2015-02-28 08:35:17'),
(1788, 20, 2, 39, '239', '2015-02-28 08:35:17', '2015-02-28 08:35:17'),
(1789, 20, 3, 0, '153', '2015-02-28 08:35:17', '2015-02-28 08:35:17'),
(1790, 20, 3, 1, '173', '2015-02-28 08:35:17', '2015-02-28 08:35:17'),
(1791, 20, 3, 2, '151', '2015-02-28 08:35:17', '2015-02-28 08:35:17'),
(1792, 20, 3, 3, '159', '2015-02-28 08:35:17', '2015-02-28 08:35:17'),
(1793, 20, 3, 4, '126', '2015-02-28 08:35:17', '2015-02-28 08:35:17'),
(1794, 20, 3, 5, '131', '2015-02-28 08:35:17', '2015-02-28 08:35:17'),
(1795, 20, 3, 6, '132', '2015-02-28 08:35:17', '2015-02-28 08:35:17'),
(1796, 20, 3, 7, '130', '2015-02-28 08:35:17', '2015-02-28 08:35:17'),
(1797, 20, 3, 8, '166', '2015-02-28 08:35:17', '2015-02-28 08:35:17'),
(1798, 20, 3, 9, '127', '2015-02-28 08:35:17', '2015-02-28 08:35:17'),
(1799, 20, 3, 10, '154', '2015-02-28 08:35:17', '2015-02-28 08:35:17'),
(1800, 20, 3, 11, '174', '2015-02-28 08:35:17', '2015-02-28 08:35:17'),
(1801, 20, 3, 12, '152', '2015-02-28 08:35:17', '2015-02-28 08:35:17'),
(1802, 20, 3, 13, '128', '2015-02-28 08:35:17', '2015-02-28 08:35:17'),
(1803, 20, 3, 14, '155', '2015-02-28 08:35:17', '2015-02-28 08:35:17'),
(1804, 20, 3, 15, '129', '2015-02-28 08:35:17', '2015-02-28 08:35:17'),
(1805, 20, 3, 16, '156', '2015-02-28 08:35:17', '2015-02-28 08:35:17');
INSERT INTO `qsortables` (`id`, `qpackage_id`, `qtype_id`, `index`, `question_id`, `created_at`, `updated_at`) VALUES
(1806, 20, 3, 17, '133', '2015-02-28 08:35:17', '2015-02-28 08:35:17'),
(1807, 20, 3, 18, '134', '2015-02-28 08:35:17', '2015-02-28 08:35:17'),
(1808, 20, 3, 19, '160', '2015-02-28 08:35:17', '2015-02-28 08:35:17'),
(1809, 20, 3, 20, '161', '2015-02-28 08:35:17', '2015-02-28 08:35:17'),
(1810, 20, 3, 21, '162', '2015-02-28 08:35:17', '2015-02-28 08:35:17'),
(1811, 20, 3, 22, '163', '2015-02-28 08:35:17', '2015-02-28 08:35:17'),
(1812, 20, 3, 23, '164', '2015-02-28 08:35:17', '2015-02-28 08:35:17'),
(1813, 20, 3, 24, '165', '2015-02-28 08:35:17', '2015-02-28 08:35:17'),
(1814, 20, 3, 25, '158', '2015-02-28 08:35:17', '2015-02-28 08:35:17'),
(1815, 20, 3, 26, '167', '2015-02-28 08:35:17', '2015-02-28 08:35:17'),
(1816, 20, 3, 27, '168', '2015-02-28 08:35:17', '2015-02-28 08:35:17'),
(1817, 20, 3, 28, '169', '2015-02-28 08:35:17', '2015-02-28 08:35:17'),
(1818, 20, 3, 29, '170', '2015-02-28 08:35:17', '2015-02-28 08:35:17'),
(1819, 20, 3, 30, '171', '2015-02-28 08:35:17', '2015-02-28 08:35:17'),
(1820, 20, 3, 31, '172', '2015-02-28 08:35:17', '2015-02-28 08:35:17'),
(1821, 20, 3, 32, '135', '2015-02-28 08:35:17', '2015-02-28 08:35:17'),
(1822, 20, 3, 33, '157', '2015-02-28 08:35:17', '2015-02-28 08:35:17'),
(1823, 20, 3, 34, '175', '2015-02-28 08:35:17', '2015-02-28 08:35:17'),
(1824, 21, 1, 0, '246', '2015-02-28 08:37:29', '2015-02-28 08:37:29'),
(1825, 21, 1, 1, '240', '2015-02-28 08:37:29', '2015-02-28 08:37:29'),
(1826, 21, 1, 2, '219', '2015-02-28 08:37:29', '2015-02-28 08:37:29'),
(1827, 21, 1, 3, '221', '2015-02-28 08:37:29', '2015-02-28 08:37:29'),
(1828, 21, 1, 4, '137', '2015-02-28 08:37:29', '2015-02-28 08:37:29'),
(1829, 21, 1, 5, '252', '2015-02-28 08:37:29', '2015-02-28 08:37:29'),
(1830, 21, 1, 6, '244', '2015-02-28 08:37:29', '2015-02-28 08:37:29'),
(1831, 21, 1, 7, '140', '2015-02-28 08:37:29', '2015-02-28 08:37:29'),
(1832, 21, 1, 8, '145', '2015-02-28 08:37:29', '2015-02-28 08:37:29'),
(1833, 21, 1, 9, '243', '2015-02-28 08:37:29', '2015-02-28 08:37:29'),
(1834, 21, 1, 10, '214', '2015-02-28 08:37:29', '2015-02-28 08:37:29'),
(1835, 21, 1, 11, '249', '2015-02-28 08:37:29', '2015-02-28 08:37:29'),
(1836, 21, 1, 12, '146', '2015-02-28 08:37:29', '2015-02-28 08:37:29'),
(1837, 21, 1, 13, '247', '2015-02-28 08:37:29', '2015-02-28 08:37:29'),
(1838, 21, 1, 14, '148', '2015-02-28 08:37:29', '2015-02-28 08:37:29'),
(1839, 21, 1, 15, '224', '2015-02-28 08:37:29', '2015-02-28 08:37:29'),
(1840, 21, 1, 16, '253', '2015-02-28 08:37:29', '2015-02-28 08:37:29'),
(1841, 21, 1, 17, '245', '2015-02-28 08:37:29', '2015-02-28 08:37:29'),
(1842, 21, 1, 18, '150', '2015-02-28 08:37:29', '2015-02-28 08:37:29'),
(1843, 21, 1, 19, '223', '2015-02-28 08:37:29', '2015-02-28 08:37:29'),
(1844, 21, 1, 20, '218', '2015-02-28 08:37:29', '2015-02-28 08:37:29'),
(1845, 21, 1, 21, '212', '2015-02-28 08:37:29', '2015-02-28 08:37:29'),
(1846, 21, 1, 22, '147', '2015-02-28 08:37:29', '2015-02-28 08:37:29'),
(1847, 21, 1, 23, '220', '2015-02-28 08:37:29', '2015-02-28 08:37:29'),
(1848, 21, 1, 24, '248', '2015-02-28 08:37:29', '2015-02-28 08:37:29'),
(1849, 21, 1, 25, '143', '2015-02-28 08:37:29', '2015-02-28 08:37:29'),
(1850, 21, 1, 26, '213', '2015-02-28 08:37:29', '2015-02-28 08:37:29'),
(1851, 21, 1, 27, '211', '2015-02-28 08:37:29', '2015-02-28 08:37:29'),
(1852, 21, 1, 28, '222', '2015-02-28 08:37:29', '2015-02-28 08:37:29'),
(1853, 21, 1, 29, '144', '2015-02-28 08:37:29', '2015-02-28 08:37:29'),
(1854, 21, 1, 30, '216', '2015-02-28 08:37:29', '2015-02-28 08:37:29'),
(1855, 21, 1, 31, '251', '2015-02-28 08:37:29', '2015-02-28 08:37:29'),
(1856, 21, 1, 32, '136', '2015-02-28 08:37:29', '2015-02-28 08:37:29'),
(1857, 21, 1, 33, '236', '2015-02-28 08:37:29', '2015-02-28 08:37:29'),
(1858, 21, 1, 34, '242', '2015-02-28 08:37:29', '2015-02-28 08:37:29'),
(1859, 21, 1, 35, '250', '2015-02-28 08:37:29', '2015-02-28 08:37:29'),
(1860, 21, 1, 36, '138', '2015-02-28 08:37:29', '2015-02-28 08:37:29'),
(1861, 21, 1, 37, '141', '2015-02-28 08:37:29', '2015-02-28 08:37:29'),
(1862, 21, 1, 38, '217', '2015-02-28 08:37:29', '2015-02-28 08:37:29'),
(1863, 21, 1, 39, '142', '2015-02-28 08:37:29', '2015-02-28 08:37:29'),
(1864, 21, 1, 40, '215', '2015-02-28 08:37:29', '2015-02-28 08:37:29'),
(1865, 21, 1, 41, '225', '2015-02-28 08:37:29', '2015-02-28 08:37:29'),
(1866, 21, 1, 42, '149', '2015-02-28 08:37:29', '2015-02-28 08:37:29'),
(1867, 21, 1, 43, '230', '2015-02-28 08:37:29', '2015-02-28 08:37:29'),
(1868, 21, 1, 44, '139', '2015-02-28 08:37:29', '2015-02-28 08:37:29'),
(1869, 21, 2, 0, '194', '2015-02-28 08:37:29', '2015-02-28 08:37:29'),
(1870, 21, 2, 1, '177', '2015-02-28 08:37:29', '2015-02-28 08:37:29'),
(1871, 21, 2, 2, '181', '2015-02-28 08:37:29', '2015-02-28 08:37:29'),
(1872, 21, 2, 3, '241', '2015-02-28 08:37:29', '2015-02-28 08:37:29'),
(1873, 21, 2, 4, '203', '2015-02-28 08:37:29', '2015-02-28 08:37:29'),
(1874, 21, 2, 5, '200', '2015-02-28 08:37:29', '2015-02-28 08:37:29'),
(1875, 21, 2, 6, '229', '2015-02-28 08:37:29', '2015-02-28 08:37:29'),
(1876, 21, 2, 7, '226', '2015-02-28 08:37:29', '2015-02-28 08:37:29'),
(1877, 21, 2, 8, '231', '2015-02-28 08:37:29', '2015-02-28 08:37:29'),
(1878, 21, 2, 9, '185', '2015-02-28 08:37:29', '2015-02-28 08:37:29'),
(1879, 21, 2, 10, '180', '2015-02-28 08:37:29', '2015-02-28 08:37:29'),
(1880, 21, 2, 11, '201', '2015-02-28 08:37:29', '2015-02-28 08:37:29'),
(1881, 21, 2, 12, '238', '2015-02-28 08:37:29', '2015-02-28 08:37:29'),
(1882, 21, 2, 13, '234', '2015-02-28 08:37:29', '2015-02-28 08:37:29'),
(1883, 21, 2, 14, '204', '2015-02-28 08:37:29', '2015-02-28 08:37:29'),
(1884, 21, 2, 15, '228', '2015-02-28 08:37:29', '2015-02-28 08:37:29'),
(1885, 21, 2, 16, '189', '2015-02-28 08:37:29', '2015-02-28 08:37:29'),
(1886, 21, 2, 17, '205', '2015-02-28 08:37:29', '2015-02-28 08:37:29'),
(1887, 21, 2, 18, '193', '2015-02-28 08:37:29', '2015-02-28 08:37:29'),
(1888, 21, 2, 19, '182', '2015-02-28 08:37:29', '2015-02-28 08:37:29'),
(1889, 21, 2, 20, '208', '2015-02-28 08:37:29', '2015-02-28 08:37:29'),
(1890, 21, 2, 21, '196', '2015-02-28 08:37:29', '2015-02-28 08:37:29'),
(1891, 21, 2, 22, '178', '2015-02-28 08:37:29', '2015-02-28 08:37:29'),
(1892, 21, 2, 23, '192', '2015-02-28 08:37:29', '2015-02-28 08:37:29'),
(1893, 21, 2, 24, '191', '2015-02-28 08:37:29', '2015-02-28 08:37:29'),
(1894, 21, 2, 25, '255', '2015-02-28 08:37:29', '2015-02-28 08:37:29'),
(1895, 21, 2, 26, '235', '2015-02-28 08:37:29', '2015-02-28 08:37:29'),
(1896, 21, 2, 27, '184', '2015-02-28 08:37:29', '2015-02-28 08:37:29'),
(1897, 21, 2, 28, '179', '2015-02-28 08:37:29', '2015-02-28 08:37:29'),
(1898, 21, 2, 29, '232', '2015-02-28 08:37:29', '2015-02-28 08:37:29'),
(1899, 21, 2, 30, '195', '2015-02-28 08:37:29', '2015-02-28 08:37:29'),
(1900, 21, 2, 31, '199', '2015-02-28 08:37:29', '2015-02-28 08:37:29'),
(1901, 21, 2, 32, '239', '2015-02-28 08:37:29', '2015-02-28 08:37:29'),
(1902, 21, 2, 33, '254', '2015-02-28 08:37:29', '2015-02-28 08:37:29'),
(1903, 21, 2, 34, '187', '2015-02-28 08:37:29', '2015-02-28 08:37:29'),
(1904, 21, 2, 35, '202', '2015-02-28 08:37:29', '2015-02-28 08:37:29'),
(1905, 21, 2, 36, '227', '2015-02-28 08:37:29', '2015-02-28 08:37:29'),
(1906, 21, 2, 37, '207', '2015-02-28 08:37:29', '2015-02-28 08:37:29'),
(1907, 21, 2, 38, '176', '2015-02-28 08:37:29', '2015-02-28 08:37:29'),
(1908, 21, 2, 39, '233', '2015-02-28 08:37:29', '2015-02-28 08:37:29'),
(1909, 21, 3, 0, '152', '2015-02-28 08:37:29', '2015-02-28 08:37:29'),
(1910, 21, 3, 1, '129', '2015-02-28 08:37:29', '2015-02-28 08:37:29'),
(1911, 21, 3, 2, '174', '2015-02-28 08:37:29', '2015-02-28 08:37:29'),
(1912, 21, 3, 3, '175', '2015-02-28 08:37:29', '2015-02-28 08:37:29'),
(1913, 21, 3, 4, '126', '2015-02-28 08:37:29', '2015-02-28 08:37:29'),
(1914, 21, 3, 5, '131', '2015-02-28 08:37:29', '2015-02-28 08:37:29'),
(1915, 21, 3, 6, '132', '2015-02-28 08:37:29', '2015-02-28 08:37:29'),
(1916, 21, 3, 7, '130', '2015-02-28 08:37:29', '2015-02-28 08:37:29'),
(1917, 21, 3, 8, '166', '2015-02-28 08:37:29', '2015-02-28 08:37:29'),
(1918, 21, 3, 9, '173', '2015-02-28 08:37:29', '2015-02-28 08:37:29'),
(1919, 21, 3, 10, '157', '2015-02-28 08:37:29', '2015-02-28 08:37:29'),
(1920, 21, 3, 11, '156', '2015-02-28 08:37:29', '2015-02-28 08:37:29'),
(1921, 21, 3, 12, '127', '2015-02-28 08:37:29', '2015-02-28 08:37:29'),
(1922, 21, 3, 13, '153', '2015-02-28 08:37:29', '2015-02-28 08:37:29'),
(1923, 21, 3, 14, '128', '2015-02-28 08:37:29', '2015-02-28 08:37:29'),
(1924, 21, 3, 15, '133', '2015-02-28 08:37:29', '2015-02-28 08:37:29'),
(1925, 21, 3, 16, '159', '2015-02-28 08:37:29', '2015-02-28 08:37:29'),
(1926, 21, 3, 17, '154', '2015-02-28 08:37:29', '2015-02-28 08:37:29'),
(1927, 21, 3, 18, '158', '2015-02-28 08:37:29', '2015-02-28 08:37:29'),
(1928, 21, 3, 19, '160', '2015-02-28 08:37:29', '2015-02-28 08:37:29'),
(1929, 21, 3, 20, '161', '2015-02-28 08:37:29', '2015-02-28 08:37:29'),
(1930, 21, 3, 21, '162', '2015-02-28 08:37:29', '2015-02-28 08:37:29'),
(1931, 21, 3, 22, '163', '2015-02-28 08:37:29', '2015-02-28 08:37:29'),
(1932, 21, 3, 23, '164', '2015-02-28 08:37:29', '2015-02-28 08:37:29'),
(1933, 21, 3, 24, '165', '2015-02-28 08:37:29', '2015-02-28 08:37:29'),
(1934, 21, 3, 25, '151', '2015-02-28 08:37:29', '2015-02-28 08:37:29'),
(1935, 21, 3, 26, '167', '2015-02-28 08:37:29', '2015-02-28 08:37:29'),
(1936, 21, 3, 27, '168', '2015-02-28 08:37:29', '2015-02-28 08:37:29'),
(1937, 21, 3, 28, '169', '2015-02-28 08:37:29', '2015-02-28 08:37:29'),
(1938, 21, 3, 29, '170', '2015-02-28 08:37:29', '2015-02-28 08:37:29'),
(1939, 21, 3, 30, '171', '2015-02-28 08:37:29', '2015-02-28 08:37:29'),
(1940, 21, 3, 31, '172', '2015-02-28 08:37:29', '2015-02-28 08:37:29'),
(1941, 21, 3, 32, '134', '2015-02-28 08:37:29', '2015-02-28 08:37:29'),
(1942, 21, 3, 33, '155', '2015-02-28 08:37:29', '2015-02-28 08:37:29'),
(1943, 21, 3, 34, '135', '2015-02-28 08:37:29', '2015-02-28 08:37:29'),
(1944, 22, 1, 0, '147', '2015-02-28 08:40:53', '2015-02-28 08:40:53'),
(1945, 22, 1, 1, '136', '2015-02-28 08:40:53', '2015-02-28 08:40:53'),
(1946, 22, 1, 2, '140', '2015-02-28 08:40:53', '2015-02-28 08:40:53'),
(1947, 22, 1, 3, '141', '2015-02-28 08:40:53', '2015-02-28 08:40:53'),
(1948, 22, 1, 4, '214', '2015-02-28 08:40:53', '2015-02-28 08:40:53'),
(1949, 22, 1, 5, '143', '2015-02-28 08:40:53', '2015-02-28 08:40:53'),
(1950, 22, 1, 6, '243', '2015-02-28 08:40:53', '2015-02-28 08:40:53'),
(1951, 22, 1, 7, '150', '2015-02-28 08:40:53', '2015-02-28 08:40:53'),
(1952, 22, 1, 8, '212', '2015-02-28 08:40:53', '2015-02-28 08:40:53'),
(1953, 22, 1, 9, '149', '2015-02-28 08:40:53', '2015-02-28 08:40:53'),
(1954, 22, 1, 10, '215', '2015-02-28 08:40:53', '2015-02-28 08:40:53'),
(1955, 22, 1, 11, '249', '2015-02-28 08:40:53', '2015-02-28 08:40:53'),
(1956, 22, 1, 12, '252', '2015-02-28 08:40:53', '2015-02-28 08:40:53'),
(1957, 22, 1, 13, '139', '2015-02-28 08:40:53', '2015-02-28 08:40:53'),
(1958, 22, 1, 14, '142', '2015-02-28 08:40:53', '2015-02-28 08:40:53'),
(1959, 22, 1, 15, '222', '2015-02-28 08:40:53', '2015-02-28 08:40:53'),
(1960, 22, 1, 16, '253', '2015-02-28 08:40:53', '2015-02-28 08:40:53'),
(1961, 22, 1, 17, '242', '2015-02-28 08:40:53', '2015-02-28 08:40:53'),
(1962, 22, 1, 18, '217', '2015-02-28 08:40:53', '2015-02-28 08:40:53'),
(1963, 22, 1, 19, '138', '2015-02-28 08:40:53', '2015-02-28 08:40:53'),
(1964, 22, 1, 20, '137', '2015-02-28 08:40:53', '2015-02-28 08:40:53'),
(1965, 22, 1, 21, '244', '2015-02-28 08:40:53', '2015-02-28 08:40:53'),
(1966, 22, 1, 22, '211', '2015-02-28 08:40:53', '2015-02-28 08:40:53'),
(1967, 22, 1, 23, '223', '2015-02-28 08:40:53', '2015-02-28 08:40:53'),
(1968, 22, 1, 24, '218', '2015-02-28 08:40:53', '2015-02-28 08:40:53'),
(1969, 22, 1, 25, '146', '2015-02-28 08:40:53', '2015-02-28 08:40:53'),
(1970, 22, 1, 26, '213', '2015-02-28 08:40:53', '2015-02-28 08:40:53'),
(1971, 22, 1, 27, '216', '2015-02-28 08:40:53', '2015-02-28 08:40:53'),
(1972, 22, 1, 28, '240', '2015-02-28 08:40:53', '2015-02-28 08:40:53'),
(1973, 22, 1, 29, '221', '2015-02-28 08:40:53', '2015-02-28 08:40:53'),
(1974, 22, 1, 30, '236', '2015-02-28 08:40:53', '2015-02-28 08:40:53'),
(1975, 22, 1, 31, '250', '2015-02-28 08:40:53', '2015-02-28 08:40:53'),
(1976, 22, 1, 32, '251', '2015-02-28 08:40:53', '2015-02-28 08:40:53'),
(1977, 22, 1, 33, '148', '2015-02-28 08:40:53', '2015-02-28 08:40:53'),
(1978, 22, 1, 34, '245', '2015-02-28 08:40:53', '2015-02-28 08:40:53'),
(1979, 22, 1, 35, '220', '2015-02-28 08:40:53', '2015-02-28 08:40:53'),
(1980, 22, 1, 36, '145', '2015-02-28 08:40:53', '2015-02-28 08:40:53'),
(1981, 22, 1, 37, '248', '2015-02-28 08:40:53', '2015-02-28 08:40:53'),
(1982, 22, 1, 38, '219', '2015-02-28 08:40:53', '2015-02-28 08:40:53'),
(1983, 22, 1, 39, '144', '2015-02-28 08:40:53', '2015-02-28 08:40:53'),
(1984, 22, 1, 40, '224', '2015-02-28 08:40:53', '2015-02-28 08:40:53'),
(1985, 22, 1, 41, '247', '2015-02-28 08:40:53', '2015-02-28 08:40:53'),
(1986, 22, 1, 42, '230', '2015-02-28 08:40:53', '2015-02-28 08:40:53'),
(1987, 22, 1, 43, '246', '2015-02-28 08:40:53', '2015-02-28 08:40:53'),
(1988, 22, 1, 44, '225', '2015-02-28 08:40:53', '2015-02-28 08:40:53'),
(1989, 22, 2, 0, '241', '2015-02-28 08:40:53', '2015-02-28 08:40:53'),
(1990, 22, 2, 1, '196', '2015-02-28 08:40:53', '2015-02-28 08:40:53'),
(1991, 22, 2, 2, '201', '2015-02-28 08:40:53', '2015-02-28 08:40:53'),
(1992, 22, 2, 3, '228', '2015-02-28 08:40:53', '2015-02-28 08:40:53'),
(1993, 22, 2, 4, '176', '2015-02-28 08:40:53', '2015-02-28 08:40:53'),
(1994, 22, 2, 5, '226', '2015-02-28 08:40:53', '2015-02-28 08:40:53'),
(1995, 22, 2, 6, '185', '2015-02-28 08:40:53', '2015-02-28 08:40:53'),
(1996, 22, 2, 7, '202', '2015-02-28 08:40:53', '2015-02-28 08:40:53'),
(1997, 22, 2, 8, '207', '2015-02-28 08:40:53', '2015-02-28 08:40:53'),
(1998, 22, 2, 9, '179', '2015-02-28 08:40:53', '2015-02-28 08:40:53'),
(1999, 22, 2, 10, '199', '2015-02-28 08:40:53', '2015-02-28 08:40:53'),
(2000, 22, 2, 11, '235', '2015-02-28 08:40:53', '2015-02-28 08:40:53'),
(2001, 22, 2, 12, '200', '2015-02-28 08:40:53', '2015-02-28 08:40:53'),
(2002, 22, 2, 13, '231', '2015-02-28 08:40:53', '2015-02-28 08:40:53'),
(2003, 22, 2, 14, '178', '2015-02-28 08:40:53', '2015-02-28 08:40:53'),
(2004, 22, 2, 15, '184', '2015-02-28 08:40:53', '2015-02-28 08:40:53'),
(2005, 22, 2, 16, '182', '2015-02-28 08:40:53', '2015-02-28 08:40:53'),
(2006, 22, 2, 17, '255', '2015-02-28 08:40:53', '2015-02-28 08:40:53'),
(2007, 22, 2, 18, '192', '2015-02-28 08:40:53', '2015-02-28 08:40:53'),
(2008, 22, 2, 19, '229', '2015-02-28 08:40:54', '2015-02-28 08:40:54'),
(2009, 22, 2, 20, '181', '2015-02-28 08:40:54', '2015-02-28 08:40:54'),
(2010, 22, 2, 21, '189', '2015-02-28 08:40:54', '2015-02-28 08:40:54'),
(2011, 22, 2, 22, '204', '2015-02-28 08:40:54', '2015-02-28 08:40:54'),
(2012, 22, 2, 23, '254', '2015-02-28 08:40:54', '2015-02-28 08:40:54'),
(2013, 22, 2, 24, '180', '2015-02-28 08:40:54', '2015-02-28 08:40:54'),
(2014, 22, 2, 25, '194', '2015-02-28 08:40:54', '2015-02-28 08:40:54'),
(2015, 22, 2, 26, '205', '2015-02-28 08:40:54', '2015-02-28 08:40:54'),
(2016, 22, 2, 27, '238', '2015-02-28 08:40:54', '2015-02-28 08:40:54'),
(2017, 22, 2, 28, '232', '2015-02-28 08:40:54', '2015-02-28 08:40:54'),
(2018, 22, 2, 29, '177', '2015-02-28 08:40:54', '2015-02-28 08:40:54'),
(2019, 22, 2, 30, '239', '2015-02-28 08:40:54', '2015-02-28 08:40:54'),
(2020, 22, 2, 31, '234', '2015-02-28 08:40:54', '2015-02-28 08:40:54'),
(2021, 22, 2, 32, '191', '2015-02-28 08:40:54', '2015-02-28 08:40:54'),
(2022, 22, 2, 33, '208', '2015-02-28 08:40:54', '2015-02-28 08:40:54'),
(2023, 22, 2, 34, '233', '2015-02-28 08:40:54', '2015-02-28 08:40:54'),
(2024, 22, 2, 35, '195', '2015-02-28 08:40:54', '2015-02-28 08:40:54'),
(2025, 22, 2, 36, '193', '2015-02-28 08:40:54', '2015-02-28 08:40:54'),
(2026, 22, 2, 37, '187', '2015-02-28 08:40:54', '2015-02-28 08:40:54'),
(2027, 22, 2, 38, '227', '2015-02-28 08:40:54', '2015-02-28 08:40:54'),
(2028, 22, 2, 39, '203', '2015-02-28 08:40:54', '2015-02-28 08:40:54'),
(2029, 22, 3, 0, '130', '2015-02-28 08:40:54', '2015-02-28 08:40:54'),
(2030, 22, 3, 1, '152', '2015-02-28 08:40:54', '2015-02-28 08:40:54'),
(2031, 22, 3, 2, '174', '2015-02-28 08:40:54', '2015-02-28 08:40:54'),
(2032, 22, 3, 3, '166', '2015-02-28 08:40:54', '2015-02-28 08:40:54'),
(2033, 22, 3, 4, '154', '2015-02-28 08:40:54', '2015-02-28 08:40:54'),
(2034, 22, 3, 5, '131', '2015-02-28 08:40:54', '2015-02-28 08:40:54'),
(2035, 22, 3, 6, '132', '2015-02-28 08:40:54', '2015-02-28 08:40:54'),
(2036, 22, 3, 7, '127', '2015-02-28 08:40:54', '2015-02-28 08:40:54'),
(2037, 22, 3, 8, '158', '2015-02-28 08:40:54', '2015-02-28 08:40:54'),
(2038, 22, 3, 9, '135', '2015-02-28 08:40:54', '2015-02-28 08:40:54'),
(2039, 22, 3, 10, '175', '2015-02-28 08:40:54', '2015-02-28 08:40:54'),
(2040, 22, 3, 11, '156', '2015-02-28 08:40:54', '2015-02-28 08:40:54'),
(2041, 22, 3, 12, '128', '2015-02-28 08:40:54', '2015-02-28 08:40:54'),
(2042, 22, 3, 13, '173', '2015-02-28 08:40:54', '2015-02-28 08:40:54'),
(2043, 22, 3, 14, '155', '2015-02-28 08:40:54', '2015-02-28 08:40:54'),
(2044, 22, 3, 15, '157', '2015-02-28 08:40:54', '2015-02-28 08:40:54'),
(2045, 22, 3, 16, '159', '2015-02-28 08:40:54', '2015-02-28 08:40:54'),
(2046, 22, 3, 17, '133', '2015-02-28 08:40:54', '2015-02-28 08:40:54'),
(2047, 22, 3, 18, '153', '2015-02-28 08:40:54', '2015-02-28 08:40:54'),
(2048, 22, 3, 19, '160', '2015-02-28 08:40:54', '2015-02-28 08:40:54'),
(2049, 22, 3, 20, '161', '2015-02-28 08:40:54', '2015-02-28 08:40:54'),
(2050, 22, 3, 21, '162', '2015-02-28 08:40:54', '2015-02-28 08:40:54'),
(2051, 22, 3, 22, '163', '2015-02-28 08:40:54', '2015-02-28 08:40:54'),
(2052, 22, 3, 23, '164', '2015-02-28 08:40:54', '2015-02-28 08:40:54'),
(2053, 22, 3, 24, '165', '2015-02-28 08:40:54', '2015-02-28 08:40:54'),
(2054, 22, 3, 25, '129', '2015-02-28 08:40:54', '2015-02-28 08:40:54'),
(2055, 22, 3, 26, '167', '2015-02-28 08:40:54', '2015-02-28 08:40:54'),
(2056, 22, 3, 27, '168', '2015-02-28 08:40:54', '2015-02-28 08:40:54'),
(2057, 22, 3, 28, '169', '2015-02-28 08:40:54', '2015-02-28 08:40:54'),
(2058, 22, 3, 29, '170', '2015-02-28 08:40:54', '2015-02-28 08:40:54'),
(2059, 22, 3, 30, '171', '2015-02-28 08:40:54', '2015-02-28 08:40:54'),
(2060, 22, 3, 31, '172', '2015-02-28 08:40:54', '2015-02-28 08:40:54'),
(2061, 22, 3, 32, '151', '2015-02-28 08:40:54', '2015-02-28 08:40:54'),
(2062, 22, 3, 33, '126', '2015-02-28 08:40:54', '2015-02-28 08:40:54'),
(2063, 22, 3, 34, '134', '2015-02-28 08:40:54', '2015-02-28 08:40:54'),
(2064, 23, 1, 0, '252', '2015-02-28 08:44:29', '2015-02-28 08:44:29'),
(2065, 23, 1, 1, '236', '2015-02-28 08:44:29', '2015-02-28 08:44:29'),
(2066, 23, 1, 2, '223', '2015-02-28 08:44:29', '2015-02-28 08:44:29'),
(2067, 23, 1, 3, '218', '2015-02-28 08:44:29', '2015-02-28 08:44:29'),
(2068, 23, 1, 4, '140', '2015-02-28 08:44:29', '2015-02-28 08:44:29'),
(2069, 23, 1, 5, '215', '2015-02-28 08:44:29', '2015-02-28 08:44:29'),
(2070, 23, 1, 6, '245', '2015-02-28 08:44:29', '2015-02-28 08:44:29'),
(2071, 23, 1, 7, '144', '2015-02-28 08:44:29', '2015-02-28 08:44:29'),
(2072, 23, 1, 8, '244', '2015-02-28 08:44:29', '2015-02-28 08:44:29'),
(2073, 23, 1, 9, '214', '2015-02-28 08:44:29', '2015-02-28 08:44:29'),
(2074, 23, 1, 10, '145', '2015-02-28 08:44:29', '2015-02-28 08:44:29'),
(2075, 23, 1, 11, '246', '2015-02-28 08:44:29', '2015-02-28 08:44:29'),
(2076, 23, 1, 12, '230', '2015-02-28 08:44:29', '2015-02-28 08:44:29'),
(2077, 23, 1, 13, '225', '2015-02-28 08:44:29', '2015-02-28 08:44:29'),
(2078, 23, 1, 14, '139', '2015-02-28 08:44:29', '2015-02-28 08:44:29'),
(2079, 23, 1, 15, '220', '2015-02-28 08:44:29', '2015-02-28 08:44:29'),
(2080, 23, 1, 16, '250', '2015-02-28 08:44:29', '2015-02-28 08:44:29'),
(2081, 23, 1, 17, '240', '2015-02-28 08:44:29', '2015-02-28 08:44:29'),
(2082, 23, 1, 18, '222', '2015-02-28 08:44:29', '2015-02-28 08:44:29'),
(2083, 23, 1, 19, '147', '2015-02-28 08:44:29', '2015-02-28 08:44:29'),
(2084, 23, 1, 20, '138', '2015-02-28 08:44:29', '2015-02-28 08:44:29'),
(2085, 23, 1, 21, '137', '2015-02-28 08:44:29', '2015-02-28 08:44:29'),
(2086, 23, 1, 22, '213', '2015-02-28 08:44:29', '2015-02-28 08:44:29'),
(2087, 23, 1, 23, '247', '2015-02-28 08:44:29', '2015-02-28 08:44:29'),
(2088, 23, 1, 24, '141', '2015-02-28 08:44:29', '2015-02-28 08:44:29'),
(2089, 23, 1, 25, '211', '2015-02-28 08:44:29', '2015-02-28 08:44:29'),
(2090, 23, 1, 26, '251', '2015-02-28 08:44:29', '2015-02-28 08:44:29'),
(2091, 23, 1, 27, '243', '2015-02-28 08:44:29', '2015-02-28 08:44:29'),
(2092, 23, 1, 28, '217', '2015-02-28 08:44:29', '2015-02-28 08:44:29'),
(2093, 23, 1, 29, '150', '2015-02-28 08:44:29', '2015-02-28 08:44:29'),
(2094, 23, 1, 30, '146', '2015-02-28 08:44:29', '2015-02-28 08:44:29'),
(2095, 23, 1, 31, '224', '2015-02-28 08:44:29', '2015-02-28 08:44:29'),
(2096, 23, 1, 32, '136', '2015-02-28 08:44:29', '2015-02-28 08:44:29'),
(2097, 23, 1, 33, '249', '2015-02-28 08:44:29', '2015-02-28 08:44:29'),
(2098, 23, 1, 34, '143', '2015-02-28 08:44:29', '2015-02-28 08:44:29'),
(2099, 23, 1, 35, '253', '2015-02-28 08:44:29', '2015-02-28 08:44:29'),
(2100, 23, 1, 36, '212', '2015-02-28 08:44:29', '2015-02-28 08:44:29'),
(2101, 23, 1, 37, '248', '2015-02-28 08:44:29', '2015-02-28 08:44:29'),
(2102, 23, 1, 38, '219', '2015-02-28 08:44:29', '2015-02-28 08:44:29'),
(2103, 23, 1, 39, '242', '2015-02-28 08:44:29', '2015-02-28 08:44:29'),
(2104, 23, 1, 40, '142', '2015-02-28 08:44:29', '2015-02-28 08:44:29'),
(2105, 23, 1, 41, '221', '2015-02-28 08:44:29', '2015-02-28 08:44:29'),
(2106, 23, 1, 42, '148', '2015-02-28 08:44:29', '2015-02-28 08:44:29'),
(2107, 23, 1, 43, '216', '2015-02-28 08:44:29', '2015-02-28 08:44:29'),
(2108, 23, 1, 44, '149', '2015-02-28 08:44:29', '2015-02-28 08:44:29'),
(2109, 23, 2, 0, '180', '2015-02-28 08:44:29', '2015-02-28 08:44:29'),
(2110, 23, 2, 1, '229', '2015-02-28 08:44:29', '2015-02-28 08:44:29'),
(2111, 23, 2, 2, '201', '2015-02-28 08:44:29', '2015-02-28 08:44:29'),
(2112, 23, 2, 3, '200', '2015-02-28 08:44:29', '2015-02-28 08:44:29'),
(2113, 23, 2, 4, '202', '2015-02-28 08:44:29', '2015-02-28 08:44:29'),
(2114, 23, 2, 5, '203', '2015-02-28 08:44:29', '2015-02-28 08:44:29'),
(2115, 23, 2, 6, '234', '2015-02-28 08:44:29', '2015-02-28 08:44:29'),
(2116, 23, 2, 7, '231', '2015-02-28 08:44:29', '2015-02-28 08:44:29'),
(2117, 23, 2, 8, '181', '2015-02-28 08:44:29', '2015-02-28 08:44:29'),
(2118, 23, 2, 9, '182', '2015-02-28 08:44:29', '2015-02-28 08:44:29'),
(2119, 23, 2, 10, '232', '2015-02-28 08:44:29', '2015-02-28 08:44:29'),
(2120, 23, 2, 11, '184', '2015-02-28 08:44:29', '2015-02-28 08:44:29'),
(2121, 23, 2, 12, '241', '2015-02-28 08:44:29', '2015-02-28 08:44:29'),
(2122, 23, 2, 13, '227', '2015-02-28 08:44:29', '2015-02-28 08:44:29'),
(2123, 23, 2, 14, '185', '2015-02-28 08:44:29', '2015-02-28 08:44:29'),
(2124, 23, 2, 15, '176', '2015-02-28 08:44:29', '2015-02-28 08:44:29'),
(2125, 23, 2, 16, '177', '2015-02-28 08:44:29', '2015-02-28 08:44:29'),
(2126, 23, 2, 17, '192', '2015-02-28 08:44:29', '2015-02-28 08:44:29'),
(2127, 23, 2, 18, '191', '2015-02-28 08:44:29', '2015-02-28 08:44:29'),
(2128, 23, 2, 19, '255', '2015-02-28 08:44:29', '2015-02-28 08:44:29'),
(2129, 23, 2, 20, '235', '2015-02-28 08:44:29', '2015-02-28 08:44:29'),
(2130, 23, 2, 21, '196', '2015-02-28 08:44:29', '2015-02-28 08:44:29'),
(2131, 23, 2, 22, '179', '2015-02-28 08:44:29', '2015-02-28 08:44:29'),
(2132, 23, 2, 23, '204', '2015-02-28 08:44:29', '2015-02-28 08:44:29'),
(2133, 23, 2, 24, '193', '2015-02-28 08:44:29', '2015-02-28 08:44:29'),
(2134, 23, 2, 25, '238', '2015-02-28 08:44:29', '2015-02-28 08:44:29'),
(2135, 23, 2, 26, '195', '2015-02-28 08:44:29', '2015-02-28 08:44:29'),
(2136, 23, 2, 27, '199', '2015-02-28 08:44:29', '2015-02-28 08:44:29'),
(2137, 23, 2, 28, '208', '2015-02-28 08:44:29', '2015-02-28 08:44:29'),
(2138, 23, 2, 29, '233', '2015-02-28 08:44:29', '2015-02-28 08:44:29'),
(2139, 23, 2, 30, '178', '2015-02-28 08:44:29', '2015-02-28 08:44:29'),
(2140, 23, 2, 31, '207', '2015-02-28 08:44:29', '2015-02-28 08:44:29'),
(2141, 23, 2, 32, '228', '2015-02-28 08:44:29', '2015-02-28 08:44:29'),
(2142, 23, 2, 33, '187', '2015-02-28 08:44:29', '2015-02-28 08:44:29'),
(2143, 23, 2, 34, '239', '2015-02-28 08:44:29', '2015-02-28 08:44:29'),
(2144, 23, 2, 35, '205', '2015-02-28 08:44:29', '2015-02-28 08:44:29'),
(2145, 23, 2, 36, '226', '2015-02-28 08:44:29', '2015-02-28 08:44:29'),
(2146, 23, 2, 37, '189', '2015-02-28 08:44:29', '2015-02-28 08:44:29'),
(2147, 23, 2, 38, '194', '2015-02-28 08:44:29', '2015-02-28 08:44:29'),
(2148, 23, 2, 39, '254', '2015-02-28 08:44:29', '2015-02-28 08:44:29'),
(2149, 23, 3, 0, '155', '2015-02-28 08:44:29', '2015-02-28 08:44:29'),
(2150, 23, 3, 1, '128', '2015-02-28 08:44:29', '2015-02-28 08:44:29'),
(2151, 23, 3, 2, '175', '2015-02-28 08:44:29', '2015-02-28 08:44:29'),
(2152, 23, 3, 3, '157', '2015-02-28 08:44:29', '2015-02-28 08:44:29'),
(2153, 23, 3, 4, '153', '2015-02-28 08:44:29', '2015-02-28 08:44:29'),
(2154, 23, 3, 5, '131', '2015-02-28 08:44:29', '2015-02-28 08:44:29'),
(2155, 23, 3, 6, '132', '2015-02-28 08:44:29', '2015-02-28 08:44:29'),
(2156, 23, 3, 7, '135', '2015-02-28 08:44:29', '2015-02-28 08:44:29'),
(2157, 23, 3, 8, '174', '2015-02-28 08:44:29', '2015-02-28 08:44:29'),
(2158, 23, 3, 9, '151', '2015-02-28 08:44:29', '2015-02-28 08:44:29'),
(2159, 23, 3, 10, '127', '2015-02-28 08:44:29', '2015-02-28 08:44:29'),
(2160, 23, 3, 11, '126', '2015-02-28 08:44:29', '2015-02-28 08:44:29'),
(2161, 23, 3, 12, '173', '2015-02-28 08:44:29', '2015-02-28 08:44:29'),
(2162, 23, 3, 13, '133', '2015-02-28 08:44:29', '2015-02-28 08:44:29'),
(2163, 23, 3, 14, '129', '2015-02-28 08:44:29', '2015-02-28 08:44:29'),
(2164, 23, 3, 15, '154', '2015-02-28 08:44:29', '2015-02-28 08:44:29'),
(2165, 23, 3, 16, '159', '2015-02-28 08:44:29', '2015-02-28 08:44:29'),
(2166, 23, 3, 17, '166', '2015-02-28 08:44:29', '2015-02-28 08:44:29'),
(2167, 23, 3, 18, '130', '2015-02-28 08:44:29', '2015-02-28 08:44:29'),
(2168, 23, 3, 19, '160', '2015-02-28 08:44:29', '2015-02-28 08:44:29'),
(2169, 23, 3, 20, '161', '2015-02-28 08:44:29', '2015-02-28 08:44:29'),
(2170, 23, 3, 21, '162', '2015-02-28 08:44:29', '2015-02-28 08:44:29'),
(2171, 23, 3, 22, '163', '2015-02-28 08:44:29', '2015-02-28 08:44:29'),
(2172, 23, 3, 23, '164', '2015-02-28 08:44:29', '2015-02-28 08:44:29'),
(2173, 23, 3, 24, '165', '2015-02-28 08:44:29', '2015-02-28 08:44:29'),
(2174, 23, 3, 25, '134', '2015-02-28 08:44:29', '2015-02-28 08:44:29'),
(2175, 23, 3, 26, '167', '2015-02-28 08:44:29', '2015-02-28 08:44:29'),
(2176, 23, 3, 27, '168', '2015-02-28 08:44:29', '2015-02-28 08:44:29'),
(2177, 23, 3, 28, '169', '2015-02-28 08:44:29', '2015-02-28 08:44:29'),
(2178, 23, 3, 29, '170', '2015-02-28 08:44:29', '2015-02-28 08:44:29'),
(2179, 23, 3, 30, '171', '2015-02-28 08:44:29', '2015-02-28 08:44:29'),
(2180, 23, 3, 31, '172', '2015-02-28 08:44:29', '2015-02-28 08:44:29'),
(2181, 23, 3, 32, '158', '2015-02-28 08:44:29', '2015-02-28 08:44:29'),
(2182, 23, 3, 33, '156', '2015-02-28 08:44:29', '2015-02-28 08:44:29'),
(2183, 23, 3, 34, '152', '2015-02-28 08:44:29', '2015-02-28 08:44:29'),
(2184, 24, 1, 0, '245', '2015-02-28 08:45:29', '2015-02-28 08:45:29'),
(2185, 24, 1, 1, '244', '2015-02-28 08:45:29', '2015-02-28 08:45:29'),
(2186, 24, 1, 2, '246', '2015-02-28 08:45:29', '2015-02-28 08:45:29'),
(2187, 24, 1, 3, '240', '2015-02-28 08:45:29', '2015-02-28 08:45:29'),
(2188, 24, 1, 4, '222', '2015-02-28 08:45:29', '2015-02-28 08:45:29'),
(2189, 24, 1, 5, '212', '2015-02-28 08:45:29', '2015-02-28 08:45:29'),
(2190, 24, 1, 6, '141', '2015-02-28 08:45:29', '2015-02-28 08:45:29'),
(2191, 24, 1, 7, '221', '2015-02-28 08:45:29', '2015-02-28 08:45:29'),
(2192, 24, 1, 8, '243', '2015-02-28 08:45:29', '2015-02-28 08:45:29'),
(2193, 24, 1, 9, '147', '2015-02-28 08:45:29', '2015-02-28 08:45:29'),
(2194, 24, 1, 10, '247', '2015-02-28 08:45:29', '2015-02-28 08:45:29'),
(2195, 24, 1, 11, '150', '2015-02-28 08:45:29', '2015-02-28 08:45:29'),
(2196, 24, 1, 12, '215', '2015-02-28 08:45:29', '2015-02-28 08:45:29'),
(2197, 24, 1, 13, '218', '2015-02-28 08:45:29', '2015-02-28 08:45:29'),
(2198, 24, 1, 14, '219', '2015-02-28 08:45:29', '2015-02-28 08:45:29'),
(2199, 24, 1, 15, '143', '2015-02-28 08:45:29', '2015-02-28 08:45:29'),
(2200, 24, 1, 16, '225', '2015-02-28 08:45:29', '2015-02-28 08:45:29'),
(2201, 24, 1, 17, '230', '2015-02-28 08:45:29', '2015-02-28 08:45:29'),
(2202, 24, 1, 18, '248', '2015-02-28 08:45:29', '2015-02-28 08:45:29'),
(2203, 24, 1, 19, '236', '2015-02-28 08:45:29', '2015-02-28 08:45:29'),
(2204, 24, 1, 20, '211', '2015-02-28 08:45:29', '2015-02-28 08:45:29'),
(2205, 24, 1, 21, '139', '2015-02-28 08:45:29', '2015-02-28 08:45:29'),
(2206, 24, 1, 22, '144', '2015-02-28 08:45:29', '2015-02-28 08:45:29'),
(2207, 24, 1, 23, '216', '2015-02-28 08:45:29', '2015-02-28 08:45:29'),
(2208, 24, 1, 24, '217', '2015-02-28 08:45:29', '2015-02-28 08:45:29'),
(2209, 24, 1, 25, '149', '2015-02-28 08:45:29', '2015-02-28 08:45:29'),
(2210, 24, 1, 26, '146', '2015-02-28 08:45:29', '2015-02-28 08:45:29'),
(2211, 24, 1, 27, '250', '2015-02-28 08:45:29', '2015-02-28 08:45:29'),
(2212, 24, 1, 28, '251', '2015-02-28 08:45:29', '2015-02-28 08:45:29'),
(2213, 24, 1, 29, '142', '2015-02-28 08:45:29', '2015-02-28 08:45:29'),
(2214, 24, 1, 30, '138', '2015-02-28 08:45:29', '2015-02-28 08:45:29'),
(2215, 24, 1, 31, '214', '2015-02-28 08:45:29', '2015-02-28 08:45:29'),
(2216, 24, 1, 32, '213', '2015-02-28 08:45:29', '2015-02-28 08:45:29'),
(2217, 24, 1, 33, '253', '2015-02-28 08:45:29', '2015-02-28 08:45:29'),
(2218, 24, 1, 34, '242', '2015-02-28 08:45:29', '2015-02-28 08:45:29'),
(2219, 24, 1, 35, '223', '2015-02-28 08:45:29', '2015-02-28 08:45:29'),
(2220, 24, 1, 36, '137', '2015-02-28 08:45:29', '2015-02-28 08:45:29'),
(2221, 24, 1, 37, '249', '2015-02-28 08:45:29', '2015-02-28 08:45:29'),
(2222, 24, 1, 38, '220', '2015-02-28 08:45:29', '2015-02-28 08:45:29'),
(2223, 24, 1, 39, '252', '2015-02-28 08:45:29', '2015-02-28 08:45:29'),
(2224, 24, 1, 40, '136', '2015-02-28 08:45:29', '2015-02-28 08:45:29'),
(2225, 24, 1, 41, '224', '2015-02-28 08:45:29', '2015-02-28 08:45:29'),
(2226, 24, 1, 42, '140', '2015-02-28 08:45:29', '2015-02-28 08:45:29'),
(2227, 24, 1, 43, '145', '2015-02-28 08:45:29', '2015-02-28 08:45:29'),
(2228, 24, 1, 44, '148', '2015-02-28 08:45:29', '2015-02-28 08:45:29'),
(2229, 24, 2, 0, '200', '2015-02-28 08:45:29', '2015-02-28 08:45:29'),
(2230, 24, 2, 1, '234', '2015-02-28 08:45:29', '2015-02-28 08:45:29'),
(2231, 24, 2, 2, '207', '2015-02-28 08:45:29', '2015-02-28 08:45:29'),
(2232, 24, 2, 3, '191', '2015-02-28 08:45:29', '2015-02-28 08:45:29'),
(2233, 24, 2, 4, '205', '2015-02-28 08:45:29', '2015-02-28 08:45:29'),
(2234, 24, 2, 5, '238', '2015-02-28 08:45:29', '2015-02-28 08:45:29'),
(2235, 24, 2, 6, '201', '2015-02-28 08:45:29', '2015-02-28 08:45:29'),
(2236, 24, 2, 7, '226', '2015-02-28 08:45:29', '2015-02-28 08:45:29'),
(2237, 24, 2, 8, '203', '2015-02-28 08:45:29', '2015-02-28 08:45:29'),
(2238, 24, 2, 9, '202', '2015-02-28 08:45:29', '2015-02-28 08:45:29'),
(2239, 24, 2, 10, '235', '2015-02-28 08:45:29', '2015-02-28 08:45:29'),
(2240, 24, 2, 11, '179', '2015-02-28 08:45:29', '2015-02-28 08:45:29'),
(2241, 24, 2, 12, '178', '2015-02-28 08:45:29', '2015-02-28 08:45:29'),
(2242, 24, 2, 13, '227', '2015-02-28 08:45:29', '2015-02-28 08:45:29'),
(2243, 24, 2, 14, '231', '2015-02-28 08:45:29', '2015-02-28 08:45:29'),
(2244, 24, 2, 15, '184', '2015-02-28 08:45:29', '2015-02-28 08:45:29'),
(2245, 24, 2, 16, '185', '2015-02-28 08:45:29', '2015-02-28 08:45:29'),
(2246, 24, 2, 17, '196', '2015-02-28 08:45:29', '2015-02-28 08:45:29'),
(2247, 24, 2, 18, '255', '2015-02-28 08:45:29', '2015-02-28 08:45:29'),
(2248, 24, 2, 19, '228', '2015-02-28 08:45:29', '2015-02-28 08:45:29'),
(2249, 24, 2, 20, '180', '2015-02-28 08:45:29', '2015-02-28 08:45:29'),
(2250, 24, 2, 21, '181', '2015-02-28 08:45:29', '2015-02-28 08:45:29'),
(2251, 24, 2, 22, '177', '2015-02-28 08:45:29', '2015-02-28 08:45:29'),
(2252, 24, 2, 23, '233', '2015-02-28 08:45:29', '2015-02-28 08:45:29'),
(2253, 24, 2, 24, '208', '2015-02-28 08:45:29', '2015-02-28 08:45:29'),
(2254, 24, 2, 25, '194', '2015-02-28 08:45:29', '2015-02-28 08:45:29'),
(2255, 24, 2, 26, '176', '2015-02-28 08:45:29', '2015-02-28 08:45:29'),
(2256, 24, 2, 27, '182', '2015-02-28 08:45:29', '2015-02-28 08:45:29'),
(2257, 24, 2, 28, '193', '2015-02-28 08:45:29', '2015-02-28 08:45:29'),
(2258, 24, 2, 29, '239', '2015-02-28 08:45:29', '2015-02-28 08:45:29'),
(2259, 24, 2, 30, '187', '2015-02-28 08:45:29', '2015-02-28 08:45:29'),
(2260, 24, 2, 31, '204', '2015-02-28 08:45:29', '2015-02-28 08:45:29'),
(2261, 24, 2, 32, '254', '2015-02-28 08:45:29', '2015-02-28 08:45:29'),
(2262, 24, 2, 33, '232', '2015-02-28 08:45:29', '2015-02-28 08:45:29'),
(2263, 24, 2, 34, '229', '2015-02-28 08:45:29', '2015-02-28 08:45:29'),
(2264, 24, 2, 35, '241', '2015-02-28 08:45:29', '2015-02-28 08:45:29'),
(2265, 24, 2, 36, '195', '2015-02-28 08:45:29', '2015-02-28 08:45:29'),
(2266, 24, 2, 37, '199', '2015-02-28 08:45:29', '2015-02-28 08:45:29'),
(2267, 24, 2, 38, '192', '2015-02-28 08:45:29', '2015-02-28 08:45:29'),
(2268, 24, 2, 39, '189', '2015-02-28 08:45:29', '2015-02-28 08:45:29'),
(2269, 24, 3, 0, '153', '2015-02-28 08:45:29', '2015-02-28 08:45:29'),
(2270, 24, 3, 1, '133', '2015-02-28 08:45:29', '2015-02-28 08:45:29'),
(2271, 24, 3, 2, '157', '2015-02-28 08:45:29', '2015-02-28 08:45:29'),
(2272, 24, 3, 3, '128', '2015-02-28 08:45:29', '2015-02-28 08:45:29'),
(2273, 24, 3, 4, '166', '2015-02-28 08:45:29', '2015-02-28 08:45:29'),
(2274, 24, 3, 5, '131', '2015-02-28 08:45:29', '2015-02-28 08:45:29'),
(2275, 24, 3, 6, '132', '2015-02-28 08:45:29', '2015-02-28 08:45:29'),
(2276, 24, 3, 7, '174', '2015-02-28 08:45:29', '2015-02-28 08:45:29'),
(2277, 24, 3, 8, '126', '2015-02-28 08:45:29', '2015-02-28 08:45:29'),
(2278, 24, 3, 9, '155', '2015-02-28 08:45:29', '2015-02-28 08:45:29'),
(2279, 24, 3, 10, '175', '2015-02-28 08:45:29', '2015-02-28 08:45:29'),
(2280, 24, 3, 11, '156', '2015-02-28 08:45:29', '2015-02-28 08:45:29'),
(2281, 24, 3, 12, '129', '2015-02-28 08:45:29', '2015-02-28 08:45:29'),
(2282, 24, 3, 13, '158', '2015-02-28 08:45:29', '2015-02-28 08:45:29'),
(2283, 24, 3, 14, '154', '2015-02-28 08:45:29', '2015-02-28 08:45:29'),
(2284, 24, 3, 15, '127', '2015-02-28 08:45:29', '2015-02-28 08:45:29'),
(2285, 24, 3, 16, '173', '2015-02-28 08:45:29', '2015-02-28 08:45:29'),
(2286, 24, 3, 17, '134', '2015-02-28 08:45:29', '2015-02-28 08:45:29'),
(2287, 24, 3, 18, '151', '2015-02-28 08:45:29', '2015-02-28 08:45:29'),
(2288, 24, 3, 19, '160', '2015-02-28 08:45:29', '2015-02-28 08:45:29'),
(2289, 24, 3, 20, '161', '2015-02-28 08:45:29', '2015-02-28 08:45:29'),
(2290, 24, 3, 21, '162', '2015-02-28 08:45:29', '2015-02-28 08:45:29'),
(2291, 24, 3, 22, '163', '2015-02-28 08:45:29', '2015-02-28 08:45:29'),
(2292, 24, 3, 23, '164', '2015-02-28 08:45:29', '2015-02-28 08:45:29'),
(2293, 24, 3, 24, '165', '2015-02-28 08:45:29', '2015-02-28 08:45:29'),
(2294, 24, 3, 25, '159', '2015-02-28 08:45:29', '2015-02-28 08:45:29'),
(2295, 24, 3, 26, '167', '2015-02-28 08:45:29', '2015-02-28 08:45:29'),
(2296, 24, 3, 27, '168', '2015-02-28 08:45:29', '2015-02-28 08:45:29'),
(2297, 24, 3, 28, '169', '2015-02-28 08:45:29', '2015-02-28 08:45:29'),
(2298, 24, 3, 29, '170', '2015-02-28 08:45:29', '2015-02-28 08:45:29'),
(2299, 24, 3, 30, '171', '2015-02-28 08:45:29', '2015-02-28 08:45:29'),
(2300, 24, 3, 31, '172', '2015-02-28 08:45:29', '2015-02-28 08:45:29'),
(2301, 24, 3, 32, '135', '2015-02-28 08:45:29', '2015-02-28 08:45:29'),
(2302, 24, 3, 33, '130', '2015-02-28 08:45:29', '2015-02-28 08:45:29'),
(2303, 24, 3, 34, '152', '2015-02-28 08:45:29', '2015-02-28 08:45:29'),
(2304, 25, 1, 0, '150', '2015-02-28 09:06:05', '2015-02-28 09:06:05'),
(2305, 25, 1, 1, '143', '2015-02-28 09:06:05', '2015-02-28 09:06:05'),
(2306, 25, 1, 2, '144', '2015-02-28 09:06:05', '2015-02-28 09:06:05'),
(2307, 25, 1, 3, '222', '2015-02-28 09:06:05', '2015-02-28 09:06:05'),
(2308, 25, 1, 4, '140', '2015-02-28 09:06:05', '2015-02-28 09:06:05'),
(2309, 25, 1, 5, '136', '2015-02-28 09:06:05', '2015-02-28 09:06:05'),
(2310, 25, 1, 6, '250', '2015-02-28 09:06:05', '2015-02-28 09:06:05'),
(2311, 25, 1, 7, '211', '2015-02-28 09:06:05', '2015-02-28 09:06:05'),
(2312, 25, 1, 8, '137', '2015-02-28 09:06:05', '2015-02-28 09:06:05'),
(2313, 25, 1, 9, '218', '2015-02-28 09:06:05', '2015-02-28 09:06:05'),
(2314, 25, 1, 10, '244', '2015-02-28 09:06:05', '2015-02-28 09:06:05'),
(2315, 25, 1, 11, '251', '2015-02-28 09:06:05', '2015-02-28 09:06:05'),
(2316, 25, 1, 12, '245', '2015-02-28 09:06:05', '2015-02-28 09:06:05'),
(2317, 25, 1, 13, '253', '2015-02-28 09:06:05', '2015-02-28 09:06:05'),
(2318, 25, 1, 14, '146', '2015-02-28 09:06:05', '2015-02-28 09:06:05'),
(2319, 25, 1, 15, '149', '2015-02-28 09:06:05', '2015-02-28 09:06:05'),
(2320, 25, 1, 16, '225', '2015-02-28 09:06:05', '2015-02-28 09:06:05'),
(2321, 25, 1, 17, '148', '2015-02-28 09:06:05', '2015-02-28 09:06:05'),
(2322, 25, 1, 18, '242', '2015-02-28 09:06:05', '2015-02-28 09:06:05'),
(2323, 25, 1, 19, '230', '2015-02-28 09:06:05', '2015-02-28 09:06:05'),
(2324, 25, 1, 20, '252', '2015-02-28 09:06:05', '2015-02-28 09:06:05'),
(2325, 25, 1, 21, '236', '2015-02-28 09:06:05', '2015-02-28 09:06:05'),
(2326, 25, 1, 22, '224', '2015-02-28 09:06:05', '2015-02-28 09:06:05'),
(2327, 25, 1, 23, '247', '2015-02-28 09:06:05', '2015-02-28 09:06:05'),
(2328, 25, 1, 24, '240', '2015-02-28 09:06:05', '2015-02-28 09:06:05'),
(2329, 25, 1, 25, '212', '2015-02-28 09:06:05', '2015-02-28 09:06:05'),
(2330, 25, 1, 26, '217', '2015-02-28 09:06:05', '2015-02-28 09:06:05'),
(2331, 25, 1, 27, '223', '2015-02-28 09:06:05', '2015-02-28 09:06:05'),
(2332, 25, 1, 28, '215', '2015-02-28 09:06:05', '2015-02-28 09:06:05'),
(2333, 25, 1, 29, '145', '2015-02-28 09:06:05', '2015-02-28 09:06:05'),
(2334, 25, 1, 30, '139', '2015-02-28 09:06:05', '2015-02-28 09:06:05'),
(2335, 25, 1, 31, '220', '2015-02-28 09:06:05', '2015-02-28 09:06:05'),
(2336, 25, 1, 32, '141', '2015-02-28 09:06:05', '2015-02-28 09:06:05'),
(2337, 25, 1, 33, '214', '2015-02-28 09:06:05', '2015-02-28 09:06:05'),
(2338, 25, 1, 34, '216', '2015-02-28 09:06:05', '2015-02-28 09:06:05'),
(2339, 25, 1, 35, '138', '2015-02-28 09:06:05', '2015-02-28 09:06:05'),
(2340, 25, 1, 36, '243', '2015-02-28 09:06:05', '2015-02-28 09:06:05'),
(2341, 25, 1, 37, '142', '2015-02-28 09:06:05', '2015-02-28 09:06:05'),
(2342, 25, 1, 38, '221', '2015-02-28 09:06:05', '2015-02-28 09:06:05'),
(2343, 25, 1, 39, '249', '2015-02-28 09:06:05', '2015-02-28 09:06:05'),
(2344, 25, 1, 40, '219', '2015-02-28 09:06:05', '2015-02-28 09:06:05'),
(2345, 25, 1, 41, '213', '2015-02-28 09:06:05', '2015-02-28 09:06:05'),
(2346, 25, 1, 42, '246', '2015-02-28 09:06:05', '2015-02-28 09:06:05'),
(2347, 25, 1, 43, '248', '2015-02-28 09:06:05', '2015-02-28 09:06:05'),
(2348, 25, 1, 44, '147', '2015-02-28 09:06:05', '2015-02-28 09:06:05'),
(2349, 25, 2, 0, '178', '2015-02-28 09:06:05', '2015-02-28 09:06:05'),
(2350, 25, 2, 1, '194', '2015-02-28 09:06:05', '2015-02-28 09:06:05'),
(2351, 25, 2, 2, '185', '2015-02-28 09:06:05', '2015-02-28 09:06:05'),
(2352, 25, 2, 3, '204', '2015-02-28 09:06:05', '2015-02-28 09:06:05'),
(2353, 25, 2, 4, '239', '2015-02-28 09:06:05', '2015-02-28 09:06:05'),
(2354, 25, 2, 5, '202', '2015-02-28 09:06:05', '2015-02-28 09:06:05'),
(2355, 25, 2, 6, '254', '2015-02-28 09:06:05', '2015-02-28 09:06:05'),
(2356, 25, 2, 7, '207', '2015-02-28 09:06:05', '2015-02-28 09:06:05'),
(2357, 25, 2, 8, '179', '2015-02-28 09:06:05', '2015-02-28 09:06:05'),
(2358, 25, 2, 9, '229', '2015-02-28 09:06:05', '2015-02-28 09:06:05'),
(2359, 25, 2, 10, '238', '2015-02-28 09:06:05', '2015-02-28 09:06:05'),
(2360, 25, 2, 11, '196', '2015-02-28 09:06:05', '2015-02-28 09:06:05'),
(2361, 25, 2, 12, '235', '2015-02-28 09:06:05', '2015-02-28 09:06:05'),
(2362, 25, 2, 13, '189', '2015-02-28 09:06:05', '2015-02-28 09:06:05'),
(2363, 25, 2, 14, '184', '2015-02-28 09:06:05', '2015-02-28 09:06:05'),
(2364, 25, 2, 15, '208', '2015-02-28 09:06:05', '2015-02-28 09:06:05'),
(2365, 25, 2, 16, '192', '2015-02-28 09:06:05', '2015-02-28 09:06:05'),
(2366, 25, 2, 17, '177', '2015-02-28 09:06:05', '2015-02-28 09:06:05'),
(2367, 25, 2, 18, '193', '2015-02-28 09:06:05', '2015-02-28 09:06:05'),
(2368, 25, 2, 19, '203', '2015-02-28 09:06:05', '2015-02-28 09:06:05'),
(2369, 25, 2, 20, '241', '2015-02-28 09:06:05', '2015-02-28 09:06:05'),
(2370, 25, 2, 21, '191', '2015-02-28 09:06:05', '2015-02-28 09:06:05'),
(2371, 25, 2, 22, '205', '2015-02-28 09:06:05', '2015-02-28 09:06:05'),
(2372, 25, 2, 23, '231', '2015-02-28 09:06:05', '2015-02-28 09:06:05'),
(2373, 25, 2, 24, '199', '2015-02-28 09:06:05', '2015-02-28 09:06:05'),
(2374, 25, 2, 25, '187', '2015-02-28 09:06:05', '2015-02-28 09:06:05'),
(2375, 25, 2, 26, '255', '2015-02-28 09:06:05', '2015-02-28 09:06:05'),
(2376, 25, 2, 27, '180', '2015-02-28 09:06:05', '2015-02-28 09:06:05'),
(2377, 25, 2, 28, '201', '2015-02-28 09:06:05', '2015-02-28 09:06:05'),
(2378, 25, 2, 29, '234', '2015-02-28 09:06:05', '2015-02-28 09:06:05'),
(2379, 25, 2, 30, '176', '2015-02-28 09:06:05', '2015-02-28 09:06:05'),
(2380, 25, 2, 31, '227', '2015-02-28 09:06:05', '2015-02-28 09:06:05'),
(2381, 25, 2, 32, '232', '2015-02-28 09:06:05', '2015-02-28 09:06:05'),
(2382, 25, 2, 33, '181', '2015-02-28 09:06:05', '2015-02-28 09:06:05'),
(2383, 25, 2, 34, '182', '2015-02-28 09:06:05', '2015-02-28 09:06:05'),
(2384, 25, 2, 35, '226', '2015-02-28 09:06:05', '2015-02-28 09:06:05'),
(2385, 25, 2, 36, '200', '2015-02-28 09:06:05', '2015-02-28 09:06:05'),
(2386, 25, 2, 37, '195', '2015-02-28 09:06:05', '2015-02-28 09:06:05'),
(2387, 25, 2, 38, '228', '2015-02-28 09:06:05', '2015-02-28 09:06:05'),
(2388, 25, 2, 39, '233', '2015-02-28 09:06:05', '2015-02-28 09:06:05'),
(2389, 25, 3, 0, '135', '2015-02-28 09:06:05', '2015-02-28 09:06:05'),
(2390, 25, 3, 1, '153', '2015-02-28 09:06:05', '2015-02-28 09:06:05'),
(2391, 25, 3, 2, '151', '2015-02-28 09:06:05', '2015-02-28 09:06:05'),
(2392, 25, 3, 3, '133', '2015-02-28 09:06:05', '2015-02-28 09:06:05'),
(2393, 25, 3, 4, '158', '2015-02-28 09:06:05', '2015-02-28 09:06:05'),
(2394, 25, 3, 5, '131', '2015-02-28 09:06:05', '2015-02-28 09:06:05'),
(2395, 25, 3, 6, '132', '2015-02-28 09:06:05', '2015-02-28 09:06:05'),
(2396, 25, 3, 7, '166', '2015-02-28 09:06:05', '2015-02-28 09:06:05'),
(2397, 25, 3, 8, '173', '2015-02-28 09:06:05', '2015-02-28 09:06:05'),
(2398, 25, 3, 9, '154', '2015-02-28 09:06:05', '2015-02-28 09:06:05'),
(2399, 25, 3, 10, '134', '2015-02-28 09:06:05', '2015-02-28 09:06:05'),
(2400, 25, 3, 11, '152', '2015-02-28 09:06:05', '2015-02-28 09:06:05'),
(2401, 25, 3, 12, '159', '2015-02-28 09:06:05', '2015-02-28 09:06:05'),
(2402, 25, 3, 13, '157', '2015-02-28 09:06:05', '2015-02-28 09:06:05'),
(2403, 25, 3, 14, '128', '2015-02-28 09:06:05', '2015-02-28 09:06:05'),
(2404, 25, 3, 15, '156', '2015-02-28 09:06:05', '2015-02-28 09:06:05'),
(2405, 25, 3, 16, '174', '2015-02-28 09:06:05', '2015-02-28 09:06:05'),
(2406, 25, 3, 17, '129', '2015-02-28 09:06:05', '2015-02-28 09:06:05'),
(2407, 25, 3, 18, '130', '2015-02-28 09:06:05', '2015-02-28 09:06:05'),
(2408, 25, 3, 19, '160', '2015-02-28 09:06:05', '2015-02-28 09:06:05'),
(2409, 25, 3, 20, '161', '2015-02-28 09:06:05', '2015-02-28 09:06:05'),
(2410, 25, 3, 21, '162', '2015-02-28 09:06:05', '2015-02-28 09:06:05'),
(2411, 25, 3, 22, '163', '2015-02-28 09:06:05', '2015-02-28 09:06:05'),
(2412, 25, 3, 23, '164', '2015-02-28 09:06:05', '2015-02-28 09:06:05'),
(2413, 25, 3, 24, '165', '2015-02-28 09:06:05', '2015-02-28 09:06:05'),
(2414, 25, 3, 25, '155', '2015-02-28 09:06:05', '2015-02-28 09:06:05'),
(2415, 25, 3, 26, '167', '2015-02-28 09:06:05', '2015-02-28 09:06:05'),
(2416, 25, 3, 27, '168', '2015-02-28 09:06:05', '2015-02-28 09:06:05'),
(2417, 25, 3, 28, '169', '2015-02-28 09:06:05', '2015-02-28 09:06:05'),
(2418, 25, 3, 29, '170', '2015-02-28 09:06:05', '2015-02-28 09:06:05'),
(2419, 25, 3, 30, '171', '2015-02-28 09:06:05', '2015-02-28 09:06:05'),
(2420, 25, 3, 31, '172', '2015-02-28 09:06:05', '2015-02-28 09:06:05'),
(2421, 25, 3, 32, '175', '2015-02-28 09:06:05', '2015-02-28 09:06:05'),
(2422, 25, 3, 33, '127', '2015-02-28 09:06:05', '2015-02-28 09:06:05'),
(2423, 25, 3, 34, '126', '2015-02-28 09:06:05', '2015-02-28 09:06:05'),
(2424, 26, 1, 0, '218', '2015-02-28 09:10:57', '2015-02-28 09:10:57'),
(2425, 26, 1, 1, '136', '2015-02-28 09:10:57', '2015-02-28 09:10:57'),
(2426, 26, 1, 2, '245', '2015-02-28 09:10:57', '2015-02-28 09:10:57'),
(2427, 26, 1, 3, '150', '2015-02-28 09:10:57', '2015-02-28 09:10:57'),
(2428, 26, 1, 4, '143', '2015-02-28 09:10:57', '2015-02-28 09:10:57'),
(2429, 26, 1, 5, '247', '2015-02-28 09:10:57', '2015-02-28 09:10:57'),
(2430, 26, 1, 6, '149', '2015-02-28 09:10:57', '2015-02-28 09:10:57'),
(2431, 26, 1, 7, '252', '2015-02-28 09:10:57', '2015-02-28 09:10:57'),
(2432, 26, 1, 8, '145', '2015-02-28 09:10:57', '2015-02-28 09:10:57'),
(2433, 26, 1, 9, '140', '2015-02-28 09:10:57', '2015-02-28 09:10:57'),
(2434, 26, 1, 10, '251', '2015-02-28 09:10:57', '2015-02-28 09:10:57'),
(2435, 26, 1, 11, '215', '2015-02-28 09:10:57', '2015-02-28 09:10:57'),
(2436, 26, 1, 12, '253', '2015-02-28 09:10:57', '2015-02-28 09:10:57'),
(2437, 26, 1, 13, '223', '2015-02-28 09:10:57', '2015-02-28 09:10:57'),
(2438, 26, 1, 14, '240', '2015-02-28 09:10:57', '2015-02-28 09:10:57'),
(2439, 26, 1, 15, '221', '2015-02-28 09:10:57', '2015-02-28 09:10:57'),
(2440, 26, 1, 16, '243', '2015-02-28 09:10:57', '2015-02-28 09:10:57'),
(2441, 26, 1, 17, '216', '2015-02-28 09:10:57', '2015-02-28 09:10:57'),
(2442, 26, 1, 18, '225', '2015-02-28 09:10:57', '2015-02-28 09:10:57'),
(2443, 26, 1, 19, '147', '2015-02-28 09:10:57', '2015-02-28 09:10:57'),
(2444, 26, 1, 20, '148', '2015-02-28 09:10:57', '2015-02-28 09:10:57'),
(2445, 26, 1, 21, '244', '2015-02-28 09:10:57', '2015-02-28 09:10:57'),
(2446, 26, 1, 22, '139', '2015-02-28 09:10:57', '2015-02-28 09:10:57'),
(2447, 26, 1, 23, '236', '2015-02-28 09:10:57', '2015-02-28 09:10:57'),
(2448, 26, 1, 24, '249', '2015-02-28 09:10:57', '2015-02-28 09:10:57'),
(2449, 26, 1, 25, '246', '2015-02-28 09:10:57', '2015-02-28 09:10:57'),
(2450, 26, 1, 26, '214', '2015-02-28 09:10:57', '2015-02-28 09:10:57'),
(2451, 26, 1, 27, '222', '2015-02-28 09:10:57', '2015-02-28 09:10:57'),
(2452, 26, 1, 28, '242', '2015-02-28 09:10:57', '2015-02-28 09:10:57'),
(2453, 26, 1, 29, '220', '2015-02-28 09:10:57', '2015-02-28 09:10:57'),
(2454, 26, 1, 30, '224', '2015-02-28 09:10:57', '2015-02-28 09:10:57'),
(2455, 26, 1, 31, '146', '2015-02-28 09:10:57', '2015-02-28 09:10:57'),
(2456, 26, 1, 32, '248', '2015-02-28 09:10:57', '2015-02-28 09:10:57'),
(2457, 26, 1, 33, '217', '2015-02-28 09:10:57', '2015-02-28 09:10:57'),
(2458, 26, 1, 34, '212', '2015-02-28 09:10:57', '2015-02-28 09:10:57'),
(2459, 26, 1, 35, '142', '2015-02-28 09:10:57', '2015-02-28 09:10:57'),
(2460, 26, 1, 36, '211', '2015-02-28 09:10:57', '2015-02-28 09:10:57'),
(2461, 26, 1, 37, '250', '2015-02-28 09:10:57', '2015-02-28 09:10:57'),
(2462, 26, 1, 38, '213', '2015-02-28 09:10:57', '2015-02-28 09:10:57'),
(2463, 26, 1, 39, '219', '2015-02-28 09:10:57', '2015-02-28 09:10:57'),
(2464, 26, 1, 40, '137', '2015-02-28 09:10:57', '2015-02-28 09:10:57'),
(2465, 26, 1, 41, '230', '2015-02-28 09:10:57', '2015-02-28 09:10:57'),
(2466, 26, 1, 42, '144', '2015-02-28 09:10:57', '2015-02-28 09:10:57'),
(2467, 26, 1, 43, '138', '2015-02-28 09:10:57', '2015-02-28 09:10:57'),
(2468, 26, 1, 44, '141', '2015-02-28 09:10:57', '2015-02-28 09:10:57'),
(2469, 26, 2, 0, '200', '2015-02-28 09:10:57', '2015-02-28 09:10:57'),
(2470, 26, 2, 1, '181', '2015-02-28 09:10:57', '2015-02-28 09:10:57'),
(2471, 26, 2, 2, '177', '2015-02-28 09:10:57', '2015-02-28 09:10:57'),
(2472, 26, 2, 3, '203', '2015-02-28 09:10:57', '2015-02-28 09:10:57'),
(2473, 26, 2, 4, '195', '2015-02-28 09:10:57', '2015-02-28 09:10:57'),
(2474, 26, 2, 5, '193', '2015-02-28 09:10:57', '2015-02-28 09:10:57'),
(2475, 26, 2, 6, '233', '2015-02-28 09:10:57', '2015-02-28 09:10:57'),
(2476, 26, 2, 7, '180', '2015-02-28 09:10:57', '2015-02-28 09:10:57'),
(2477, 26, 2, 8, '192', '2015-02-28 09:10:57', '2015-02-28 09:10:57'),
(2478, 26, 2, 9, '208', '2015-02-28 09:10:57', '2015-02-28 09:10:57'),
(2479, 26, 2, 10, '254', '2015-02-28 09:10:57', '2015-02-28 09:10:57'),
(2480, 26, 2, 11, '199', '2015-02-28 09:10:57', '2015-02-28 09:10:57'),
(2481, 26, 2, 12, '191', '2015-02-28 09:10:57', '2015-02-28 09:10:57'),
(2482, 26, 2, 13, '239', '2015-02-28 09:10:57', '2015-02-28 09:10:57'),
(2483, 26, 2, 14, '226', '2015-02-28 09:10:57', '2015-02-28 09:10:57'),
(2484, 26, 2, 15, '207', '2015-02-28 09:10:57', '2015-02-28 09:10:57'),
(2485, 26, 2, 16, '227', '2015-02-28 09:10:57', '2015-02-28 09:10:57'),
(2486, 26, 2, 17, '204', '2015-02-28 09:10:57', '2015-02-28 09:10:57'),
(2487, 26, 2, 18, '232', '2015-02-28 09:10:57', '2015-02-28 09:10:57'),
(2488, 26, 2, 19, '176', '2015-02-28 09:10:57', '2015-02-28 09:10:57'),
(2489, 26, 2, 20, '194', '2015-02-28 09:10:57', '2015-02-28 09:10:57'),
(2490, 26, 2, 21, '185', '2015-02-28 09:10:57', '2015-02-28 09:10:57'),
(2491, 26, 2, 22, '255', '2015-02-28 09:10:57', '2015-02-28 09:10:57'),
(2492, 26, 2, 23, '182', '2015-02-28 09:10:57', '2015-02-28 09:10:57'),
(2493, 26, 2, 24, '184', '2015-02-28 09:10:57', '2015-02-28 09:10:57'),
(2494, 26, 2, 25, '189', '2015-02-28 09:10:57', '2015-02-28 09:10:57'),
(2495, 26, 2, 26, '229', '2015-02-28 09:10:57', '2015-02-28 09:10:57'),
(2496, 26, 2, 27, '187', '2015-02-28 09:10:57', '2015-02-28 09:10:57'),
(2497, 26, 2, 28, '234', '2015-02-28 09:10:57', '2015-02-28 09:10:57'),
(2498, 26, 2, 29, '231', '2015-02-28 09:10:57', '2015-02-28 09:10:57'),
(2499, 26, 2, 30, '235', '2015-02-28 09:10:57', '2015-02-28 09:10:57'),
(2500, 26, 2, 31, '179', '2015-02-28 09:10:57', '2015-02-28 09:10:57'),
(2501, 26, 2, 32, '238', '2015-02-28 09:10:57', '2015-02-28 09:10:57'),
(2502, 26, 2, 33, '202', '2015-02-28 09:10:57', '2015-02-28 09:10:57'),
(2503, 26, 2, 34, '205', '2015-02-28 09:10:57', '2015-02-28 09:10:57'),
(2504, 26, 2, 35, '196', '2015-02-28 09:10:57', '2015-02-28 09:10:57'),
(2505, 26, 2, 36, '228', '2015-02-28 09:10:57', '2015-02-28 09:10:57'),
(2506, 26, 2, 37, '241', '2015-02-28 09:10:57', '2015-02-28 09:10:57'),
(2507, 26, 2, 38, '201', '2015-02-28 09:10:57', '2015-02-28 09:10:57'),
(2508, 26, 2, 39, '178', '2015-02-28 09:10:57', '2015-02-28 09:10:57'),
(2509, 26, 3, 0, '129', '2015-02-28 09:10:57', '2015-02-28 09:10:57'),
(2510, 26, 3, 1, '134', '2015-02-28 09:10:57', '2015-02-28 09:10:57'),
(2511, 26, 3, 2, '155', '2015-02-28 09:10:57', '2015-02-28 09:10:57'),
(2512, 26, 3, 3, '158', '2015-02-28 09:10:57', '2015-02-28 09:10:57'),
(2513, 26, 3, 4, '159', '2015-02-28 09:10:57', '2015-02-28 09:10:57'),
(2514, 26, 3, 5, '131', '2015-02-28 09:10:57', '2015-02-28 09:10:57'),
(2515, 26, 3, 6, '132', '2015-02-28 09:10:57', '2015-02-28 09:10:57'),
(2516, 26, 3, 7, '174', '2015-02-28 09:10:57', '2015-02-28 09:10:57'),
(2517, 26, 3, 8, '151', '2015-02-28 09:10:57', '2015-02-28 09:10:57'),
(2518, 26, 3, 9, '153', '2015-02-28 09:10:57', '2015-02-28 09:10:57'),
(2519, 26, 3, 10, '175', '2015-02-28 09:10:57', '2015-02-28 09:10:57'),
(2520, 26, 3, 11, '127', '2015-02-28 09:10:57', '2015-02-28 09:10:57');
INSERT INTO `qsortables` (`id`, `qpackage_id`, `qtype_id`, `index`, `question_id`, `created_at`, `updated_at`) VALUES
(2521, 26, 3, 12, '130', '2015-02-28 09:10:57', '2015-02-28 09:10:57'),
(2522, 26, 3, 13, '126', '2015-02-28 09:10:57', '2015-02-28 09:10:57'),
(2523, 26, 3, 14, '173', '2015-02-28 09:10:57', '2015-02-28 09:10:57'),
(2524, 26, 3, 15, '156', '2015-02-28 09:10:57', '2015-02-28 09:10:57'),
(2525, 26, 3, 16, '157', '2015-02-28 09:10:57', '2015-02-28 09:10:57'),
(2526, 26, 3, 17, '128', '2015-02-28 09:10:57', '2015-02-28 09:10:57'),
(2527, 26, 3, 18, '154', '2015-02-28 09:10:57', '2015-02-28 09:10:57'),
(2528, 26, 3, 19, '160', '2015-02-28 09:10:57', '2015-02-28 09:10:57'),
(2529, 26, 3, 20, '161', '2015-02-28 09:10:57', '2015-02-28 09:10:57'),
(2530, 26, 3, 21, '162', '2015-02-28 09:10:57', '2015-02-28 09:10:57'),
(2531, 26, 3, 22, '163', '2015-02-28 09:10:57', '2015-02-28 09:10:57'),
(2532, 26, 3, 23, '164', '2015-02-28 09:10:57', '2015-02-28 09:10:57'),
(2533, 26, 3, 24, '165', '2015-02-28 09:10:57', '2015-02-28 09:10:57'),
(2534, 26, 3, 25, '152', '2015-02-28 09:10:57', '2015-02-28 09:10:57'),
(2535, 26, 3, 26, '167', '2015-02-28 09:10:57', '2015-02-28 09:10:57'),
(2536, 26, 3, 27, '168', '2015-02-28 09:10:57', '2015-02-28 09:10:57'),
(2537, 26, 3, 28, '169', '2015-02-28 09:10:57', '2015-02-28 09:10:57'),
(2538, 26, 3, 29, '170', '2015-02-28 09:10:57', '2015-02-28 09:10:57'),
(2539, 26, 3, 30, '171', '2015-02-28 09:10:57', '2015-02-28 09:10:57'),
(2540, 26, 3, 31, '172', '2015-02-28 09:10:57', '2015-02-28 09:10:57'),
(2541, 26, 3, 32, '133', '2015-02-28 09:10:57', '2015-02-28 09:10:57'),
(2542, 26, 3, 33, '135', '2015-02-28 09:10:57', '2015-02-28 09:10:57'),
(2543, 26, 3, 34, '166', '2015-02-28 09:10:57', '2015-02-28 09:10:57'),
(2544, 27, 1, 0, '246', '2015-02-28 09:15:43', '2015-02-28 09:15:43'),
(2545, 27, 1, 1, '236', '2015-02-28 09:15:43', '2015-02-28 09:15:43'),
(2546, 27, 1, 2, '211', '2015-02-28 09:15:43', '2015-02-28 09:15:43'),
(2547, 27, 1, 3, '141', '2015-02-28 09:15:43', '2015-02-28 09:15:43'),
(2548, 27, 1, 4, '218', '2015-02-28 09:15:43', '2015-02-28 09:15:43'),
(2549, 27, 1, 5, '148', '2015-02-28 09:15:43', '2015-02-28 09:15:43'),
(2550, 27, 1, 6, '136', '2015-02-28 09:15:43', '2015-02-28 09:15:43'),
(2551, 27, 1, 7, '140', '2015-02-28 09:15:43', '2015-02-28 09:15:43'),
(2552, 27, 1, 8, '250', '2015-02-28 09:15:43', '2015-02-28 09:15:43'),
(2553, 27, 1, 9, '221', '2015-02-28 09:15:43', '2015-02-28 09:15:43'),
(2554, 27, 1, 10, '245', '2015-02-28 09:15:43', '2015-02-28 09:15:43'),
(2555, 27, 1, 11, '253', '2015-02-28 09:15:43', '2015-02-28 09:15:43'),
(2556, 27, 1, 12, '138', '2015-02-28 09:15:43', '2015-02-28 09:15:43'),
(2557, 27, 1, 13, '243', '2015-02-28 09:15:43', '2015-02-28 09:15:43'),
(2558, 27, 1, 14, '142', '2015-02-28 09:15:43', '2015-02-28 09:15:43'),
(2559, 27, 1, 15, '147', '2015-02-28 09:15:43', '2015-02-28 09:15:43'),
(2560, 27, 1, 16, '252', '2015-02-28 09:15:43', '2015-02-28 09:15:43'),
(2561, 27, 1, 17, '220', '2015-02-28 09:15:43', '2015-02-28 09:15:43'),
(2562, 27, 1, 18, '244', '2015-02-28 09:15:43', '2015-02-28 09:15:43'),
(2563, 27, 1, 19, '143', '2015-02-28 09:15:43', '2015-02-28 09:15:43'),
(2564, 27, 1, 20, '224', '2015-02-28 09:15:43', '2015-02-28 09:15:43'),
(2565, 27, 1, 21, '145', '2015-02-28 09:15:43', '2015-02-28 09:15:43'),
(2566, 27, 1, 22, '249', '2015-02-28 09:15:43', '2015-02-28 09:15:43'),
(2567, 27, 1, 23, '222', '2015-02-28 09:15:43', '2015-02-28 09:15:43'),
(2568, 27, 1, 24, '137', '2015-02-28 09:15:43', '2015-02-28 09:15:43'),
(2569, 27, 1, 25, '251', '2015-02-28 09:15:43', '2015-02-28 09:15:43'),
(2570, 27, 1, 26, '242', '2015-02-28 09:15:43', '2015-02-28 09:15:43'),
(2571, 27, 1, 27, '213', '2015-02-28 09:15:43', '2015-02-28 09:15:43'),
(2572, 27, 1, 28, '225', '2015-02-28 09:15:43', '2015-02-28 09:15:43'),
(2573, 27, 1, 29, '240', '2015-02-28 09:15:43', '2015-02-28 09:15:43'),
(2574, 27, 1, 30, '150', '2015-02-28 09:15:43', '2015-02-28 09:15:43'),
(2575, 27, 1, 31, '223', '2015-02-28 09:15:43', '2015-02-28 09:15:43'),
(2576, 27, 1, 32, '216', '2015-02-28 09:15:43', '2015-02-28 09:15:43'),
(2577, 27, 1, 33, '144', '2015-02-28 09:15:43', '2015-02-28 09:15:43'),
(2578, 27, 1, 34, '212', '2015-02-28 09:15:43', '2015-02-28 09:15:43'),
(2579, 27, 1, 35, '248', '2015-02-28 09:15:43', '2015-02-28 09:15:43'),
(2580, 27, 1, 36, '214', '2015-02-28 09:15:43', '2015-02-28 09:15:43'),
(2581, 27, 1, 37, '149', '2015-02-28 09:15:43', '2015-02-28 09:15:43'),
(2582, 27, 1, 38, '230', '2015-02-28 09:15:43', '2015-02-28 09:15:43'),
(2583, 27, 1, 39, '219', '2015-02-28 09:15:43', '2015-02-28 09:15:43'),
(2584, 27, 1, 40, '217', '2015-02-28 09:15:43', '2015-02-28 09:15:43'),
(2585, 27, 1, 41, '146', '2015-02-28 09:15:43', '2015-02-28 09:15:43'),
(2586, 27, 1, 42, '247', '2015-02-28 09:15:43', '2015-02-28 09:15:43'),
(2587, 27, 1, 43, '215', '2015-02-28 09:15:43', '2015-02-28 09:15:43'),
(2588, 27, 1, 44, '139', '2015-02-28 09:15:43', '2015-02-28 09:15:43'),
(2589, 27, 2, 0, '205', '2015-02-28 09:15:43', '2015-02-28 09:15:43'),
(2590, 27, 2, 1, '203', '2015-02-28 09:15:43', '2015-02-28 09:15:43'),
(2591, 27, 2, 2, '196', '2015-02-28 09:15:43', '2015-02-28 09:15:43'),
(2592, 27, 2, 3, '191', '2015-02-28 09:15:43', '2015-02-28 09:15:43'),
(2593, 27, 2, 4, '232', '2015-02-28 09:15:43', '2015-02-28 09:15:43'),
(2594, 27, 2, 5, '184', '2015-02-28 09:15:43', '2015-02-28 09:15:43'),
(2595, 27, 2, 6, '231', '2015-02-28 09:15:43', '2015-02-28 09:15:43'),
(2596, 27, 2, 7, '229', '2015-02-28 09:15:43', '2015-02-28 09:15:43'),
(2597, 27, 2, 8, '177', '2015-02-28 09:15:43', '2015-02-28 09:15:43'),
(2598, 27, 2, 9, '178', '2015-02-28 09:15:43', '2015-02-28 09:15:43'),
(2599, 27, 2, 10, '176', '2015-02-28 09:15:43', '2015-02-28 09:15:43'),
(2600, 27, 2, 11, '187', '2015-02-28 09:15:43', '2015-02-28 09:15:43'),
(2601, 27, 2, 12, '208', '2015-02-28 09:15:43', '2015-02-28 09:15:43'),
(2602, 27, 2, 13, '255', '2015-02-28 09:15:43', '2015-02-28 09:15:43'),
(2603, 27, 2, 14, '199', '2015-02-28 09:15:43', '2015-02-28 09:15:43'),
(2604, 27, 2, 15, '239', '2015-02-28 09:15:43', '2015-02-28 09:15:43'),
(2605, 27, 2, 16, '234', '2015-02-28 09:15:43', '2015-02-28 09:15:43'),
(2606, 27, 2, 17, '235', '2015-02-28 09:15:43', '2015-02-28 09:15:43'),
(2607, 27, 2, 18, '193', '2015-02-28 09:15:43', '2015-02-28 09:15:43'),
(2608, 27, 2, 19, '226', '2015-02-28 09:15:43', '2015-02-28 09:15:43'),
(2609, 27, 2, 20, '192', '2015-02-28 09:15:43', '2015-02-28 09:15:43'),
(2610, 27, 2, 21, '202', '2015-02-28 09:15:43', '2015-02-28 09:15:43'),
(2611, 27, 2, 22, '195', '2015-02-28 09:15:43', '2015-02-28 09:15:43'),
(2612, 27, 2, 23, '207', '2015-02-28 09:15:43', '2015-02-28 09:15:43'),
(2613, 27, 2, 24, '189', '2015-02-28 09:15:43', '2015-02-28 09:15:43'),
(2614, 27, 2, 25, '254', '2015-02-28 09:15:43', '2015-02-28 09:15:43'),
(2615, 27, 2, 26, '201', '2015-02-28 09:15:43', '2015-02-28 09:15:43'),
(2616, 27, 2, 27, '233', '2015-02-28 09:15:43', '2015-02-28 09:15:43'),
(2617, 27, 2, 28, '180', '2015-02-28 09:15:43', '2015-02-28 09:15:43'),
(2618, 27, 2, 29, '185', '2015-02-28 09:15:43', '2015-02-28 09:15:43'),
(2619, 27, 2, 30, '241', '2015-02-28 09:15:43', '2015-02-28 09:15:43'),
(2620, 27, 2, 31, '182', '2015-02-28 09:15:43', '2015-02-28 09:15:43'),
(2621, 27, 2, 32, '238', '2015-02-28 09:15:43', '2015-02-28 09:15:43'),
(2622, 27, 2, 33, '204', '2015-02-28 09:15:43', '2015-02-28 09:15:43'),
(2623, 27, 2, 34, '228', '2015-02-28 09:15:43', '2015-02-28 09:15:43'),
(2624, 27, 2, 35, '227', '2015-02-28 09:15:43', '2015-02-28 09:15:43'),
(2625, 27, 2, 36, '179', '2015-02-28 09:15:43', '2015-02-28 09:15:43'),
(2626, 27, 2, 37, '200', '2015-02-28 09:15:43', '2015-02-28 09:15:43'),
(2627, 27, 2, 38, '181', '2015-02-28 09:15:43', '2015-02-28 09:15:43'),
(2628, 27, 2, 39, '194', '2015-02-28 09:15:43', '2015-02-28 09:15:43'),
(2629, 27, 3, 0, '133', '2015-02-28 09:15:43', '2015-02-28 09:15:43'),
(2630, 27, 3, 1, '128', '2015-02-28 09:15:43', '2015-02-28 09:15:43'),
(2631, 27, 3, 2, '166', '2015-02-28 09:15:43', '2015-02-28 09:15:43'),
(2632, 27, 3, 3, '156', '2015-02-28 09:15:43', '2015-02-28 09:15:43'),
(2633, 27, 3, 4, '129', '2015-02-28 09:15:43', '2015-02-28 09:15:43'),
(2634, 27, 3, 5, '131', '2015-02-28 09:15:43', '2015-02-28 09:15:43'),
(2635, 27, 3, 6, '132', '2015-02-28 09:15:43', '2015-02-28 09:15:43'),
(2636, 27, 3, 7, '174', '2015-02-28 09:15:43', '2015-02-28 09:15:43'),
(2637, 27, 3, 8, '173', '2015-02-28 09:15:43', '2015-02-28 09:15:43'),
(2638, 27, 3, 9, '130', '2015-02-28 09:15:43', '2015-02-28 09:15:43'),
(2639, 27, 3, 10, '134', '2015-02-28 09:15:43', '2015-02-28 09:15:43'),
(2640, 27, 3, 11, '135', '2015-02-28 09:15:43', '2015-02-28 09:15:43'),
(2641, 27, 3, 12, '175', '2015-02-28 09:15:43', '2015-02-28 09:15:43'),
(2642, 27, 3, 13, '152', '2015-02-28 09:15:43', '2015-02-28 09:15:43'),
(2643, 27, 3, 14, '157', '2015-02-28 09:15:43', '2015-02-28 09:15:43'),
(2644, 27, 3, 15, '155', '2015-02-28 09:15:43', '2015-02-28 09:15:43'),
(2645, 27, 3, 16, '127', '2015-02-28 09:15:43', '2015-02-28 09:15:43'),
(2646, 27, 3, 17, '154', '2015-02-28 09:15:43', '2015-02-28 09:15:43'),
(2647, 27, 3, 18, '151', '2015-02-28 09:15:43', '2015-02-28 09:15:43'),
(2648, 27, 3, 19, '160', '2015-02-28 09:15:43', '2015-02-28 09:15:43'),
(2649, 27, 3, 20, '161', '2015-02-28 09:15:43', '2015-02-28 09:15:43'),
(2650, 27, 3, 21, '162', '2015-02-28 09:15:43', '2015-02-28 09:15:43'),
(2651, 27, 3, 22, '163', '2015-02-28 09:15:43', '2015-02-28 09:15:43'),
(2652, 27, 3, 23, '164', '2015-02-28 09:15:43', '2015-02-28 09:15:43'),
(2653, 27, 3, 24, '165', '2015-02-28 09:15:43', '2015-02-28 09:15:43'),
(2654, 27, 3, 25, '159', '2015-02-28 09:15:43', '2015-02-28 09:15:43'),
(2655, 27, 3, 26, '167', '2015-02-28 09:15:43', '2015-02-28 09:15:43'),
(2656, 27, 3, 27, '168', '2015-02-28 09:15:43', '2015-02-28 09:15:43'),
(2657, 27, 3, 28, '169', '2015-02-28 09:15:43', '2015-02-28 09:15:43'),
(2658, 27, 3, 29, '170', '2015-02-28 09:15:43', '2015-02-28 09:15:43'),
(2659, 27, 3, 30, '171', '2015-02-28 09:15:43', '2015-02-28 09:15:43'),
(2660, 27, 3, 31, '172', '2015-02-28 09:15:43', '2015-02-28 09:15:43'),
(2661, 27, 3, 32, '126', '2015-02-28 09:15:43', '2015-02-28 09:15:43'),
(2662, 27, 3, 33, '153', '2015-02-28 09:15:43', '2015-02-28 09:15:43'),
(2663, 27, 3, 34, '158', '2015-02-28 09:15:43', '2015-02-28 09:15:43'),
(2664, 28, 1, 0, '236', '2015-02-28 09:29:09', '2015-02-28 09:29:09'),
(2665, 28, 1, 1, '250', '2015-02-28 09:29:09', '2015-02-28 09:29:09'),
(2666, 28, 1, 2, '244', '2015-02-28 09:29:09', '2015-02-28 09:29:09'),
(2667, 28, 1, 3, '224', '2015-02-28 09:29:09', '2015-02-28 09:29:09'),
(2668, 28, 1, 4, '141', '2015-02-28 09:29:09', '2015-02-28 09:29:09'),
(2669, 28, 1, 5, '146', '2015-02-28 09:29:09', '2015-02-28 09:29:09'),
(2670, 28, 1, 6, '139', '2015-02-28 09:29:09', '2015-02-28 09:29:09'),
(2671, 28, 1, 7, '249', '2015-02-28 09:29:09', '2015-02-28 09:29:09'),
(2672, 28, 1, 8, '136', '2015-02-28 09:29:09', '2015-02-28 09:29:09'),
(2673, 28, 1, 9, '253', '2015-02-28 09:29:09', '2015-02-28 09:29:09'),
(2674, 28, 1, 10, '225', '2015-02-28 09:29:09', '2015-02-28 09:29:09'),
(2675, 28, 1, 11, '142', '2015-02-28 09:29:09', '2015-02-28 09:29:09'),
(2676, 28, 1, 12, '213', '2015-02-28 09:29:09', '2015-02-28 09:29:09'),
(2677, 28, 1, 13, '211', '2015-02-28 09:29:09', '2015-02-28 09:29:09'),
(2678, 28, 1, 14, '140', '2015-02-28 09:29:09', '2015-02-28 09:29:09'),
(2679, 28, 1, 15, '240', '2015-02-28 09:29:09', '2015-02-28 09:29:09'),
(2680, 28, 1, 16, '248', '2015-02-28 09:29:09', '2015-02-28 09:29:09'),
(2681, 28, 1, 17, '148', '2015-02-28 09:29:09', '2015-02-28 09:29:09'),
(2682, 28, 1, 18, '150', '2015-02-28 09:29:09', '2015-02-28 09:29:09'),
(2683, 28, 1, 19, '215', '2015-02-28 09:29:09', '2015-02-28 09:29:09'),
(2684, 28, 1, 20, '149', '2015-02-28 09:29:09', '2015-02-28 09:29:09'),
(2685, 28, 1, 21, '221', '2015-02-28 09:29:09', '2015-02-28 09:29:09'),
(2686, 28, 1, 22, '218', '2015-02-28 09:29:09', '2015-02-28 09:29:09'),
(2687, 28, 1, 23, '222', '2015-02-28 09:29:09', '2015-02-28 09:29:09'),
(2688, 28, 1, 24, '214', '2015-02-28 09:29:09', '2015-02-28 09:29:09'),
(2689, 28, 1, 25, '219', '2015-02-28 09:29:09', '2015-02-28 09:29:09'),
(2690, 28, 1, 26, '220', '2015-02-28 09:29:09', '2015-02-28 09:29:09'),
(2691, 28, 1, 27, '243', '2015-02-28 09:29:09', '2015-02-28 09:29:09'),
(2692, 28, 1, 28, '242', '2015-02-28 09:29:09', '2015-02-28 09:29:09'),
(2693, 28, 1, 29, '251', '2015-02-28 09:29:09', '2015-02-28 09:29:09'),
(2694, 28, 1, 30, '246', '2015-02-28 09:29:09', '2015-02-28 09:29:09'),
(2695, 28, 1, 31, '217', '2015-02-28 09:29:09', '2015-02-28 09:29:09'),
(2696, 28, 1, 32, '223', '2015-02-28 09:29:09', '2015-02-28 09:29:09'),
(2697, 28, 1, 33, '230', '2015-02-28 09:29:09', '2015-02-28 09:29:09'),
(2698, 28, 1, 34, '147', '2015-02-28 09:29:09', '2015-02-28 09:29:09'),
(2699, 28, 1, 35, '245', '2015-02-28 09:29:09', '2015-02-28 09:29:09'),
(2700, 28, 1, 36, '247', '2015-02-28 09:29:09', '2015-02-28 09:29:09'),
(2701, 28, 1, 37, '212', '2015-02-28 09:29:09', '2015-02-28 09:29:09'),
(2702, 28, 1, 38, '143', '2015-02-28 09:29:09', '2015-02-28 09:29:09'),
(2703, 28, 1, 39, '216', '2015-02-28 09:29:09', '2015-02-28 09:29:09'),
(2704, 28, 1, 40, '252', '2015-02-28 09:29:09', '2015-02-28 09:29:09'),
(2705, 28, 1, 41, '138', '2015-02-28 09:29:09', '2015-02-28 09:29:09'),
(2706, 28, 1, 42, '145', '2015-02-28 09:29:09', '2015-02-28 09:29:09'),
(2707, 28, 1, 43, '144', '2015-02-28 09:29:09', '2015-02-28 09:29:09'),
(2708, 28, 1, 44, '137', '2015-02-28 09:29:09', '2015-02-28 09:29:09'),
(2709, 28, 2, 0, '199', '2015-02-28 09:29:09', '2015-02-28 09:29:09'),
(2710, 28, 2, 1, '228', '2015-02-28 09:29:09', '2015-02-28 09:29:09'),
(2711, 28, 2, 2, '202', '2015-02-28 09:29:09', '2015-02-28 09:29:09'),
(2712, 28, 2, 3, '241', '2015-02-28 09:29:09', '2015-02-28 09:29:09'),
(2713, 28, 2, 4, '181', '2015-02-28 09:29:09', '2015-02-28 09:29:09'),
(2714, 28, 2, 5, '189', '2015-02-28 09:29:09', '2015-02-28 09:29:09'),
(2715, 28, 2, 6, '184', '2015-02-28 09:29:09', '2015-02-28 09:29:09'),
(2716, 28, 2, 7, '205', '2015-02-28 09:29:09', '2015-02-28 09:29:09'),
(2717, 28, 2, 8, '238', '2015-02-28 09:29:09', '2015-02-28 09:29:09'),
(2718, 28, 2, 9, '227', '2015-02-28 09:29:09', '2015-02-28 09:29:09'),
(2719, 28, 2, 10, '254', '2015-02-28 09:29:09', '2015-02-28 09:29:09'),
(2720, 28, 2, 11, '185', '2015-02-28 09:29:09', '2015-02-28 09:29:09'),
(2721, 28, 2, 12, '194', '2015-02-28 09:29:09', '2015-02-28 09:29:09'),
(2722, 28, 2, 13, '195', '2015-02-28 09:29:09', '2015-02-28 09:29:09'),
(2723, 28, 2, 14, '233', '2015-02-28 09:29:09', '2015-02-28 09:29:09'),
(2724, 28, 2, 15, '255', '2015-02-28 09:29:09', '2015-02-28 09:29:09'),
(2725, 28, 2, 16, '207', '2015-02-28 09:29:09', '2015-02-28 09:29:09'),
(2726, 28, 2, 17, '239', '2015-02-28 09:29:09', '2015-02-28 09:29:09'),
(2727, 28, 2, 18, '187', '2015-02-28 09:29:09', '2015-02-28 09:29:09'),
(2728, 28, 2, 19, '182', '2015-02-28 09:29:09', '2015-02-28 09:29:09'),
(2729, 28, 2, 20, '234', '2015-02-28 09:29:09', '2015-02-28 09:29:09'),
(2730, 28, 2, 21, '193', '2015-02-28 09:29:09', '2015-02-28 09:29:09'),
(2731, 28, 2, 22, '200', '2015-02-28 09:29:09', '2015-02-28 09:29:09'),
(2732, 28, 2, 23, '232', '2015-02-28 09:29:09', '2015-02-28 09:29:09'),
(2733, 28, 2, 24, '229', '2015-02-28 09:29:09', '2015-02-28 09:29:09'),
(2734, 28, 2, 25, '235', '2015-02-28 09:29:09', '2015-02-28 09:29:09'),
(2735, 28, 2, 26, '191', '2015-02-28 09:29:09', '2015-02-28 09:29:09'),
(2736, 28, 2, 27, '231', '2015-02-28 09:29:09', '2015-02-28 09:29:09'),
(2737, 28, 2, 28, '203', '2015-02-28 09:29:09', '2015-02-28 09:29:09'),
(2738, 28, 2, 29, '201', '2015-02-28 09:29:09', '2015-02-28 09:29:09'),
(2739, 28, 2, 30, '176', '2015-02-28 09:29:09', '2015-02-28 09:29:09'),
(2740, 28, 2, 31, '179', '2015-02-28 09:29:09', '2015-02-28 09:29:09'),
(2741, 28, 2, 32, '226', '2015-02-28 09:29:09', '2015-02-28 09:29:09'),
(2742, 28, 2, 33, '177', '2015-02-28 09:29:09', '2015-02-28 09:29:09'),
(2743, 28, 2, 34, '192', '2015-02-28 09:29:09', '2015-02-28 09:29:09'),
(2744, 28, 2, 35, '178', '2015-02-28 09:29:09', '2015-02-28 09:29:09'),
(2745, 28, 2, 36, '180', '2015-02-28 09:29:09', '2015-02-28 09:29:09'),
(2746, 28, 2, 37, '196', '2015-02-28 09:29:09', '2015-02-28 09:29:09'),
(2747, 28, 2, 38, '208', '2015-02-28 09:29:09', '2015-02-28 09:29:09'),
(2748, 28, 2, 39, '204', '2015-02-28 09:29:09', '2015-02-28 09:29:09'),
(2749, 28, 3, 0, '133', '2015-02-28 09:29:09', '2015-02-28 09:29:09'),
(2750, 28, 3, 1, '153', '2015-02-28 09:29:09', '2015-02-28 09:29:09'),
(2751, 28, 3, 2, '127', '2015-02-28 09:29:09', '2015-02-28 09:29:09'),
(2752, 28, 3, 3, '166', '2015-02-28 09:29:09', '2015-02-28 09:29:09'),
(2753, 28, 3, 4, '173', '2015-02-28 09:29:09', '2015-02-28 09:29:09'),
(2754, 28, 3, 5, '131', '2015-02-28 09:29:09', '2015-02-28 09:29:09'),
(2755, 28, 3, 6, '132', '2015-02-28 09:29:09', '2015-02-28 09:29:09'),
(2756, 28, 3, 7, '130', '2015-02-28 09:29:09', '2015-02-28 09:29:09'),
(2757, 28, 3, 8, '134', '2015-02-28 09:29:09', '2015-02-28 09:29:09'),
(2758, 28, 3, 9, '156', '2015-02-28 09:29:09', '2015-02-28 09:29:09'),
(2759, 28, 3, 10, '157', '2015-02-28 09:29:09', '2015-02-28 09:29:09'),
(2760, 28, 3, 11, '158', '2015-02-28 09:29:09', '2015-02-28 09:29:09'),
(2761, 28, 3, 12, '152', '2015-02-28 09:29:09', '2015-02-28 09:29:09'),
(2762, 28, 3, 13, '154', '2015-02-28 09:29:09', '2015-02-28 09:29:09'),
(2763, 28, 3, 14, '175', '2015-02-28 09:29:09', '2015-02-28 09:29:09'),
(2764, 28, 3, 15, '129', '2015-02-28 09:29:09', '2015-02-28 09:29:09'),
(2765, 28, 3, 16, '128', '2015-02-28 09:29:09', '2015-02-28 09:29:09'),
(2766, 28, 3, 17, '159', '2015-02-28 09:29:09', '2015-02-28 09:29:09'),
(2767, 28, 3, 18, '135', '2015-02-28 09:29:09', '2015-02-28 09:29:09'),
(2768, 28, 3, 19, '160', '2015-02-28 09:29:09', '2015-02-28 09:29:09'),
(2769, 28, 3, 20, '161', '2015-02-28 09:29:09', '2015-02-28 09:29:09'),
(2770, 28, 3, 21, '162', '2015-02-28 09:29:09', '2015-02-28 09:29:09'),
(2771, 28, 3, 22, '163', '2015-02-28 09:29:09', '2015-02-28 09:29:09'),
(2772, 28, 3, 23, '164', '2015-02-28 09:29:09', '2015-02-28 09:29:09'),
(2773, 28, 3, 24, '165', '2015-02-28 09:29:09', '2015-02-28 09:29:09'),
(2774, 28, 3, 25, '155', '2015-02-28 09:29:09', '2015-02-28 09:29:09'),
(2775, 28, 3, 26, '167', '2015-02-28 09:29:09', '2015-02-28 09:29:09'),
(2776, 28, 3, 27, '168', '2015-02-28 09:29:09', '2015-02-28 09:29:09'),
(2777, 28, 3, 28, '169', '2015-02-28 09:29:09', '2015-02-28 09:29:09'),
(2778, 28, 3, 29, '170', '2015-02-28 09:29:09', '2015-02-28 09:29:09'),
(2779, 28, 3, 30, '171', '2015-02-28 09:29:09', '2015-02-28 09:29:09'),
(2780, 28, 3, 31, '172', '2015-02-28 09:29:09', '2015-02-28 09:29:09'),
(2781, 28, 3, 32, '126', '2015-02-28 09:29:09', '2015-02-28 09:29:09'),
(2782, 28, 3, 33, '151', '2015-02-28 09:29:09', '2015-02-28 09:29:09'),
(2783, 28, 3, 34, '174', '2015-02-28 09:29:09', '2015-02-28 09:29:09');

-- --------------------------------------------------------

--
-- Struktur dari tabel `qtypes`
--

CREATE TABLE IF NOT EXISTS `qtypes` (
  `id` int(10) unsigned NOT NULL AUTO_INCREMENT,
  `name` varchar(255) COLLATE utf8_unicode_ci NOT NULL,
  `created_at` timestamp NOT NULL DEFAULT '0000-00-00 00:00:00',
  `updated_at` timestamp NOT NULL DEFAULT '0000-00-00 00:00:00',
  PRIMARY KEY (`id`)
) ENGINE=MyISAM  DEFAULT CHARSET=utf8 COLLATE=utf8_unicode_ci AUTO_INCREMENT=9 ;

--
-- Dumping data untuk tabel `qtypes`
--

INSERT INTO `qtypes` (`id`, `name`, `created_at`, `updated_at`) VALUES
(1, 'Matematika', '2015-02-24 23:58:01', '2015-02-24 23:58:01'),
(2, 'Fisika', '2015-02-24 23:58:01', '2015-02-24 23:58:01'),
(3, 'Komputer', '2015-02-24 23:58:01', '2015-02-24 23:58:01');

-- --------------------------------------------------------

--
-- Struktur dari tabel `questions`
--

CREATE TABLE IF NOT EXISTS `questions` (
  `id` int(10) unsigned NOT NULL AUTO_INCREMENT,
  `qtype_id` varchar(255) COLLATE utf8_unicode_ci NOT NULL,
  `question` text COLLATE utf8_unicode_ci NOT NULL,
  `image` varchar(255) COLLATE utf8_unicode_ci DEFAULT NULL,
  `chA` text COLLATE utf8_unicode_ci NOT NULL,
  `chB` text COLLATE utf8_unicode_ci NOT NULL,
  `chC` text COLLATE utf8_unicode_ci NOT NULL,
  `chD` text COLLATE utf8_unicode_ci NOT NULL,
  `chE` text COLLATE utf8_unicode_ci NOT NULL,
  `randomize` tinyint(1) NOT NULL,
  `answer` char(1) COLLATE utf8_unicode_ci NOT NULL,
  `created_at` timestamp NOT NULL DEFAULT '0000-00-00 00:00:00',
  `updated_at` timestamp NOT NULL DEFAULT '0000-00-00 00:00:00',
  PRIMARY KEY (`id`)
) ENGINE=MyISAM  DEFAULT CHARSET=utf8 COLLATE=utf8_unicode_ci AUTO_INCREMENT=256 ;

--
-- Dumping data untuk tabel `questions`
--

INSERT INTO `questions` (`id`, `qtype_id`, `question`, `image`, `chA`, `chB`, `chC`, `chD`, `chE`, `randomize`, `answer`, `created_at`, `updated_at`) VALUES
(231, '2', 'Sebuah bola baja dengan massa 40 `g` dijatuhkan dari ketinggian 2 `m` ke sebuah penampang baja. Bola tersebut memantul setinggi 0,8 `m`. Jika lamanya bola menyentuh penampang baja adalah selama 2 `ms`, maka gaya rata-rata pada bola saat bertabrakan adalah..', NULL, '`40(2+sqrt10)`  `N`', '`20(2+sqrt10)`  `N`', '`16.10^-5(2+sqrt10)`  `N`', '`8.10^-2(2+sqrt10)`  `N`', '`4(2+sqrt10)`  `N`', 1, 'A', '2015-02-27 22:49:35', '2015-02-27 22:51:03'),
(204, '2', 'Sebuah CD berputar dengan percepatan anguler konstan yang positif. Jika  untuk menyelesaikan putaran keduanya, CD tersebut membutuhkan waktu 0,75 s. Maka waktu yang dibutuhkan untuk menyelesaikan putaran pertamanya adalah.....', NULL, '`0,75(sqrt(2) + 1) s`', '`0,75 sqrt(2) s`', '`0,75(sqrt(2) - 1) s`', '`1,5 s`', '`1,5 sqrt(2) s`', 1, 'A', '2015-02-27 14:37:51', '2015-02-27 14:37:51'),
(126, '3', 'Seorang ibu memiliki 3 orang anak, Aziz, Andika, dan Alfa. Umur mereka bila dijumlahkan sama dengan 34 kali umur Aziz, yang 3 tahun lebih muda dari Andika. Pangkat 3 dari umur Andika ditambah kuadrat umur Aziz ditambah umur Alfa akan menghasilkan tepat 10', NULL, '3', '2', '5', '10', '50', 1, 'C', '2015-02-27 02:44:11', '2015-02-27 02:44:11'),
(127, '3', 'Dua orang pengendara sepeda berjarak 250 m dengan arah saling mendekat. Pengendara sepeda pertama dengan kecepatan 8 km/jam sedangkan satunya 12 km/jam Sebuah benda aneh terbang dengan kecepatan 30 km/jam. Benda tersebut terbang dengan pola yang sama, ketika mencapai pengendara pertama ia akan berputar balik menuju pengendara kedua dan begitu sebaliknya. Jika posisi awal benda tersebut sama dengan pengendara pertama, berapa jarak yang telah ditempuh benda tersebut sampai kedua pengendara tersebut berpapasan?', NULL, '`1/8` `km`', '`2/8` `km`', '`5/8` `km`', '`3` `km`', '`3/8` `km`', 1, 'E', '2015-02-27 02:46:34', '2015-02-28 09:12:55'),
(128, '3', 'Tiga orang mahasiswa Jurusan Teknik Elektro dan Teknologi Informasi (JTETI), Wiko, Yulio dan Daniel bertemu dalam sebuah tempat wisata. Sayangnya Wiko tidak memiliki makanan tetapi hanya membawa uang sebesar Rp. 7000. Yulio membawa 3 potong roti sedangkan Daniel membawa 4 potong roti. Setelah semua roti dibagi rata kepada 3 orang tadi. Wiko menyerahkan uangnya untuk Yulio dan Daniel. Berapakah uang yang diterima Yulio dan Daniel supaya adil?', NULL, 'Yulio = 1000, Daniel = 3000', 'Yulio = 2500, Daniel = 3500', 'Yulio = 2000, Daniel = 5000', 'Yulio = 1000, Daniel = 4000', 'Yulio = 2500, Daniel = 4000', 1, 'C', '2015-02-27 03:01:48', '2015-02-28 09:09:26'),
(129, '3', 'Seorang mahasiswa JTETI yang sekaligus menjadi Ketua KMTETI bernama Narto berada pada tengah-tengah tangga JTETI. Kemudian ia naik 3 anak tangga, turun 5 anak tangga dan naik lagi 7 anak tangga, sampai akhirnya naik lagi 7 anak tangga dan berada di puncak tangga. Berapakah jumlah anak tangganya?', NULL, '`24`', '`22`', '`28`', '`42`', '`82`', 1, 'A', '2015-02-27 03:05:14', '2015-02-28 09:10:04'),
(130, '3', 'Tahun semikabisat adalah tahun yang bukan merupakan tahun kabisat, tetapi jika tiap bilangan penyusun angka tahunnya dijumlahkan, hasilnya habis dibagi dengan 4. Ada berapa tahun semikabisat semenjak tahun 1901 hingga 1960?', NULL, '`12`', '`11`', '`14`', '`10`', '`13`', 1, 'A', '2015-02-27 03:06:15', '2015-02-27 03:06:15'),
(131, '3', 'Cuplikan berikut untuk dua soal berikutnya.\r\nBarisan bilangan fibonacci didefinisikan secara rekursif sebagai berikut: \r\n`f_1 = 1` \r\n`f_2 = 2` \r\n`f_n = f_(n-1) + f_(n-2)` untuk semua `n>2` \r\n\r\nBerapa banyak kah bilangan Fibonacci antara 11 sampai dengan 151 ?', NULL, '`1`', '`2`', '`3`', '`6`', '`5`', 0, 'D', '2015-02-27 03:14:19', '2015-02-28 09:11:26'),
(132, '3', '(Lihat cuplikan soal sebelumnya)\r\nDengan mengambil satu harga `n` kemudian anda menjumlahkan bilangan-bilangan tersebut mulai dari  `f_1` sampai dengan `f_n` . Maka berapakah `n`  terkecil agar jumlah itu `>150` ?', NULL, '`19`', '`12`', '`11`', '`9`', '`10`', 0, 'E', '2015-02-27 03:19:20', '2015-02-28 04:54:23'),
(133, '3', 'Seorang wanita menerima warisan sebesar `1/3` dari harta suaminya seorang pengusaha yang meninggal dunia karena kecelakaan pesawat. Dan tiga orang putranya juga menerima masingmasing `1/3` dari sisanya. Jika wanita tersebut dan salah seorang anaknya menerima total sebesar Rp. 6 milyar, berapakah total harta yang ditinggalkan oleh pengusaha tersebut ?', NULL, '10 milyar', '12,4 milyar', '10,8 milyar', '11,2 milyar', '20,4 milyar', 1, 'C', '2015-02-27 03:21:02', '2015-02-28 09:36:47'),
(134, '3', 'Adi berdiri sejauh 18 meter di sebelah utara Tugu Jogja, Deni berdiri 24 meter di sebelah barat Tugu yang sama. Berapakah jarak terdekat antara Deni dan Adi yang dapat ditempuh ?', NULL, '32 meter', '30 meter', '60 meter', '40 meter', '42 meter', 1, 'B', '2015-02-27 03:22:33', '2015-02-27 03:22:33'),
(135, '3', 'Operasi `a mod b` berarti sisa ketika `a` dibagi dengan `b`. Contohnya `5 mod 3 = 2`. Berapakah `353653664176826832176826834 mod 13`?', NULL, '`2`', '`1`', '`3`', '`4`', '`0`', 1, 'A', '2015-02-27 03:24:26', '2015-02-27 03:24:57'),
(136, '1', 'Jika terdapat 2015 Lampu dimana masing masing lampu memiliki saklar dan diberi label dari nomor 1 sampai 2015, semua lampu pada keadaan mati. Jika pada hari ke  n saklar lampu ke  n dan kelipatannya di tekan maka setelah 2015 hari berapa lampu yang masih menyala?', NULL, '24 lampu', '34 lampu', '44 lampu', '54 lampu', '2014 lampu', 1, 'C', '2015-02-27 03:43:15', '2015-02-27 03:43:15'),
(137, '1', 'X adalah rata-rata dari data : `X1,X2,X3,X4,,X10`. Jika data berubah mengikuti pola : `1/2 X1+2`, `1/2 X2+4`, `1/2 X3+6`, dan seterusnya, maka nilai rata-ratanya menjadi ...', NULL, '`X+11`', '`X+12`', '`1/2 X+11`', '`1/2 X+12`', '`1/2 X+20`', 1, 'C', '2015-02-27 03:49:53', '2015-02-27 17:56:23'),
(138, '1', 'Pada ulangan matematika, diketahui nilai rata-rata kelas adalah 58. Jika rata-rata nilai matematika untuk siswa prianya adalah 65, sedangkan untuk siswa wanita rata-ratanya 54, maka perbandingan jumlah siswa pria dan wanita pada kelas itu adalah ...', NULL, '11 : 7', '4 : 7', '11 : 4', '7 : 15', '9 : 2', 1, 'B', '2015-02-27 03:58:15', '2015-02-27 03:58:15'),
(139, '1', 'Diberikan segitiga ABC dengan `tanCAB=22/7` . Melalui titik sudut A ditarik garis tinggi sedemikian rupa sehingga membagi sisi BC menjadi segmen-segmen dengan panjang 3 dan 17. Luas segitiga ABC tersebut adalah ...', NULL, '110', '135', '160', '215', '245', 1, 'A', '2015-02-27 04:00:40', '2015-02-27 04:02:26'),
(140, '1', 'Jika diberikan segitiga ABC tumpul `(ABC>90)`,  AD dan AE membagi sudut BAC sama besar. Panjang segmen garis BD, DE dan EC berturut-turut adalah 2, 3, dan 6. Panjang terpendek dari sisi segitga ABC adalah ...', NULL, '`2`', '`25`', '`210`', '`37`', '`313`', 1, 'C', '2015-02-27 04:04:54', '2015-02-27 04:04:54'),
(141, '1', 'Keliling sebuah segitiga adalah 8. Jika panjang sisi-sisinya adalah bilangan bulat, maka luas segitiga tersebut sama dengan', NULL, '`3`', '`22`', '`23`', '`32`', '`33`', 1, 'B', '2015-02-27 04:06:38', '2015-02-27 04:06:38'),
(142, '1', 'Jika `R=1*1!+2*2!+3*3!+4*4!++2015*2015!`. Berapakah sisa pembagian R oleh 2015 ?\r\n', NULL, '1007', '2014', '524', '2016', '1008', 1, 'B', '2015-02-27 04:07:57', '2015-02-27 14:22:21'),
(143, '1', 'Nilai x terkecil agar `9^(1/x)` terbesar sehingga membagi `42^2016` adalah', NULL, '`2016`', '`1/2016`', '`1`', '`1008`', '`1/1008`', 1, 'E', '2015-02-27 04:09:51', '2015-02-27 04:13:14'),
(144, '1', 'Bilangan 2015!=1234  2015 habis dibagi oleh `7^A` untuk suatu bilangan asli A tertentu. Tentukan nilai maksimal dari A ...', NULL, '250', '285', '309', '333', '423', 1, 'D', '2015-02-27 04:14:32', '2015-02-27 04:15:38'),
(145, '1', 'Tentukan nilai dari `(12014)/2015  +(22014)/2015  +(32014)/2015  ++(20142014)/2015  `.', NULL, '2027091', '3202524', '4124225', '5255123', '6435325', 1, 'A', '2015-02-27 04:16:58', '2015-02-27 04:16:58'),
(146, '1', 'Jika `lim_(xc)(f(x)+g(x))=3` dan `lim_(x->c)(f(x)-g(x))=-1`, maka berapa `lim_(xc)f(x)g(x)` ?', NULL, '2', '4', '6', '-3', '-1', 1, 'A', '2015-02-27 04:23:04', '2015-02-28 04:51:56'),
(147, '1', 'Tentukan nilai dari `lim_(x0)sin(x^2+x)/x`', NULL, '`1/2`', '`-1/2`', '1', '-1', '0', 1, 'C', '2015-02-27 04:26:59', '2015-02-28 04:55:47'),
(148, '1', 'Suatu tangki minyak berbentuk kerucut terbalik diisi oleh air dengan debit `9 m^3/(menit)`. Tinggi tanki itu adalah `10 m` dan memilikir jari-jari kerucut terbesarnya `5 m`. Seberapa cepat kenaikan ketinggian air pada saat kedalaman air `6 m` ?', '/question/img/soal-148.PNG', '`pi` `m/(menit)`', '`1/pi`  `m/(menit)`', '`4pi` ` m/(menit)`', '`1/(2pi)`  `m/(menit)`', '`sqrt(pi)`   `m/(menit)`', 1, 'B', '2015-02-27 04:38:14', '2015-02-28 09:46:26'),
(149, '1', 'Sebuah mobil polisi, yang melaju mendekati suatu belokan dari arah utara, sedang mengejar pengendara mobil yang melaju kencang dan telah melewati belokan tersebut menuju ke timur. Ketika mobil polisi itu berjarak 0,6 km dari belokan dan pengendara mobil telah menempuh 0,8 km ke timur, polisi melihat ke radar yang menunjukan perubahan jarak terdekat antara mobil polisi dan pengendara mobil yang melaju kencang saat itu adalah 20 km/jam dan terus bertambah. Jika mobil polisi pada saat itu melaju pada kelajuan 60 km/jam maka berapakah kelajuan pengendara mobil yang melaju kencang ?', NULL, '50 km/jam', '60 km/jam', '70 km/jam', '80 km/jam', '90 km/jam', 1, 'C', '2015-02-27 04:42:56', '2015-02-28 04:59:38'),
(150, '1', 'Gambar dibawah menunjukkan sebuah benda W ditarik dengan tali melalui katrol P oleh truk M dengan tinggi 5 meter diatas tanah. Jika tinggi katrol P adalah 25 meter diatas tanah, panjang tali 45 meter dan truk tersebut bergerak menjauhi garis vertikal PW dengan kecepatan 6 m/s. Berapa kecepatan naik benda W ketika truk berada pada jarak 21 meter dari garis vertikal PW ?', '/question/img/soal-150.png', '1.8 m/s', '2.2 m/s', '3.5 m/s', '4.3 m/s', '5.6 m/s', 1, 'D', '2015-02-27 04:45:23', '2015-02-27 04:45:23'),
(151, '3', 'Apakah output dari program di bawah ini:\r\n\r\n<pre>\r\nfor i:=0 to 4 do\r\n   begin\r\n     for j:=5-i down to 1\r\n	begin\r\n		write(j);\r\n	end\r\n	writeln();\r\n   end\r\n</pre>', NULL, '12345 <br>\r\n1234 <br>\r\n123 <br>\r\n12 <br>\r\n1 ', '54321 <br>\r\n5432 <br>\r\n543 <br>\r\n54 <br>\r\n5', '55555 <br>\r\n4444 <br>\r\n333 <br>\r\n22 <br>\r\n1 <br>', '54321 <br>\r\n4321<br>\r\n321<br>\r\n21<br>\r\n1', '1234<br>\r\n1234<br>\r\n123<br>\r\n12<br>\r\n1', 1, 'D', '2015-02-27 07:25:58', '2015-02-27 15:37:00'),
(194, '2', 'Terdapat sebuah kawat pemanas seragam yang terbuat dari paduan (aloi) nikel-kromium-besi yang disebut Nichrome; Nichrome ini memiliki resistansi R sebesar 72 . Jika Nichrome tersebut dipotong menjadi 4 bagian yang sama, dan beda potensial 120 V diterapkan di masing-masing seperempat kawat, maka laju energi total yang didisipasikan adalah.....', NULL, '200 W', '400 W', '800 W', '1600 W', '3200 W', 1, 'E', '2015-02-27 10:37:36', '2015-02-28 05:41:25'),
(152, '3', 'cuplikan program yang tepat dalam bahasa pascal untuk menukar isi/nilai dari dua variabel (misalkan variabel a dan b, keduanya bertipe integer) adalah ..', NULL, '<pre>\r\na:b;\r\nb=b-a;\r\na=b+a;\r\n</pre>', '<pre>\r\na:=b-a;\r\nb=b-a;\r\na=b+a;\r\n</pre>', '<pre>\r\na:=b+a;\r\nb=b+a;\r\na=b-a;\r\n</pre>', '<pre>\r\na:=b;\r\nb=b-a;\r\na=b+a;\r\n</pre>', '<pre>\r\na:=b+a;\r\nb=b+a;\r\na=b;\r\n</pre>', 1, 'B', '2015-02-27 07:32:00', '2015-02-27 10:06:00'),
(153, '3', 'Perhatikan potongan program berikut:\r\n<pre>\r\nbegin\r\n  readln(n);\r\n  i:=0;\r\n  while i < n do\r\n  begin\r\n    i:=i+2;\r\n    if (i < n) then\r\n       for j:=1 to 4 do\r\n       write(''*'');\r\n</pre>\r\nAgar * tampil di layar sebanyak 16 kali, maka berapa n?', NULL, '8', '10', '12', '20', '5', 1, 'B', '2015-02-27 07:34:48', '2015-02-27 09:43:10'),
(154, '3', 'Perhatikan potongan program berikut:\r\n<pre>\r\nfunction a(n:integer):integer;\r\nbegin\r\n   if (n=0) then\r\n     a:= 0;\r\n   else\r\n     a:= 1-n*a(n-1);\r\nend;\r\n</pre>\r\nBerapakah hasil dari a(5)?', NULL, '76', '75', '78', '80', '70', 1, 'A', '2015-02-27 07:36:41', '2015-02-27 14:20:37'),
(155, '3', 'Perhatikan potongan pseudocode di bawah ini:\r\n<pre>\r\nprocedure coba(var n: integer);\r\nbegin\r\n   if n > 0 then begin\r\n   n := n div 3;\r\n   write(n mod 3);\r\n   coba(n);\r\n   end;\r\nend;\r\n</pre>\r\nApa yang akan dicetak saat pemanggilan <code>coba(z)</code> dengan z sebelumnya sudah memiliki harga 49?', NULL, '1200', '1100', '1210', '1320', '1250', 1, 'C', '2015-02-27 07:38:10', '2015-02-27 10:03:12'),
(156, '3', 'Bila z bilangan bulat positif terkecil yang memberikan sisa 5 jika dibagi dengan 13 dan memberikan sisa 3 jika dibagi dengan 18, berapa sisanya jika dibagi dengan 11 ? ', NULL, '1', '2', '4', '10', '20', 1, 'B', '2015-02-27 07:40:34', '2015-02-27 07:40:34'),
(157, '3', 'Perhatikan potongan pseudocode di bawah ini<br />\r\n<pre><br />\r\nprocedure call(x:integer);<br />\r\nbegin<br />\r\n     if x<>0 then begin<br />\r\n         write(*);<br />\r\n         x := x  1;<br />\r\n         call(x);<br />\r\n         x := x + 1;<br />\r\n         end;<br />\r\nend;<br />\r\n</pre><br />\r\nJika dilakukan pemanggilan call(3), apa outputnya?', NULL, '**', '*****', '***', '*', '*****... (tak terhingga)', 1, 'C', '2015-02-27 07:41:13', '2015-02-27 08:28:59'),
(158, '3', 'Perhatikan fungsi/prosedur dari potongan pseudocode berikut<br />\r\n<pre><br />\r\nFunction panggil1(x:longint):longint; <br />\r\nbegin <br />\r\nif (x<3) then panggil1:=0 <br />\r\nelse    panggil1:=panggil1(x-1)+2*panggil1(x-2)+3; <br />\r\nend;<br />\r\n</pre><br />\r\nBila dilakukan pemanggilan panggil1(7), maka hasil keluarannya adalah:', NULL, '60', '64', '63', '58', '68', 1, 'C', '2015-02-27 07:42:29', '2015-02-27 08:33:13'),
(159, '3', 'Perhatikan potongan program berikut:\r\n<pre>\r\nFunction hitung(n:integer):integer;\r\nbegin\r\n   if(n=0)then hitung:=0\r\nelse hitung:=hitung(n div 5) + (n mod 5);\r\nend;\r\n</pre>\r\nBerapa nilai <code>hitung(2903)</code> ?', NULL, '12', '10', '9', '11', '14', 1, 'D', '2015-02-27 07:43:49', '2015-02-27 09:59:44'),
(185, '2', 'Seutas tali karet dengan panjang l dan koefisien elastisitas k digantung pada titik O. Ujung tali lainnya dihubungkan dengan benda bermassa  m . Benda dilepaskan dari titik O. Jika massa penjepit dan massa tali diabaikan dan percepatan gravitasi bumi adalah g maka pertambahan panjang karet adalah', NULL, '`(1+sqrt((2kl)/(mg)))(mg)/k`', '`(1+sqrt(1+(kl)/(mg)))(mg)/k`', '`(1+sqrt(1+(2kl)/(mg)))(mg)/k`', '`(1+sqrt(1+(2kl)/(mg)))(2mg)/k`', '`(1+sqrt((kl)/(mg)))(mg)/k`', 1, 'C', '2015-02-27 09:44:50', '2015-02-27 09:44:50'),
(160, '3', 'Soal cerita berikut untuk 3 soal berikutnya.\r\n\r\nDi suatu pertemuan ada 4 orang pria dewasa, 4 wanita dewasa, dan 4 anak-anak. Keempat pria dewasa itu bernama: Andika, Abet, Wiko, dan Yulio. Keempat wanita dewasa itu bernama Suci, Ellena, Aulia, dan Khonsa.  Kemudian keempat anak itu bernama Hanan, Juni, Agnan, dan Ridho.\r\n\r\nSebenarnya mereka berasal dari 4 keluarga yang  setiap keluarga terdiri dari seorang ayah, seorang ibu, dan satu orang anak, namun tidak diketahui yang mana yang menjadi ayah dan mana yang menjadi ibu dan mana yang menjadi anak dari masing-masing keluarga itu. Hanya ada beberapa hal yang diketahui sebagai berikut:\r\n\r\n1) Ibu Suci adalah ibu dari Ridho\r\n2) Pak Andika adalah ayah dari Hanan\r\n3) Pak Yulio adalah suami dari Ibu Ellena, tapi bukan ayah dari Agnan\r\n4) Pak Wiko adalah suami dari Ibu Khonsa.\r\n\r\n Juni adalah ..', NULL, 'Anak dari Pak Abet', 'Anak dari Pak Yulio', 'Anak dari Pak Andika', 'Saudara dari Hanan', 'Saudara dari Agnan', 0, 'B', '2015-02-27 08:01:05', '2015-02-28 05:07:06'),
(161, '3', '(Lihat soal sebelumnya)\r\nIbu Ellena adalah ..', NULL, 'Ibunya Juni', 'Istri dari Pak Abet dengan anak bernama Ridho', 'Istri dari Pak Andika dengan anak bernama Hanan', 'Ibunya Agnan', 'Istri dari Pak Wiko dengan anak yang bernama Hanan', 0, 'C', '2015-02-27 08:05:01', '2015-02-28 03:47:23'),
(162, '3', '(Lihat soal sebelumnya)\r\nIbu Khonsa dan Ibu Ellena tinggal dan masing-masing keluarganya tinggal di Yogyakarta, sementara kedua keluarga lainnya tinggal di Kota Semarang. Siapakah yang tinggal di kota Semarang?', NULL, 'Pak Andika', 'Pak Yulio', 'Pak Abet', 'Ibu Ellena', 'Pak Wiko', 0, 'C', '2015-02-27 08:08:11', '2015-02-28 03:47:54'),
(163, '3', 'Soal cerita berikut untuk 3 soal berikutnya\r\n\r\nSebuah robot soccer humanoid kebanggan UGM akan diuji kemampuannya responnya dengan menjalankan perintah-perintah yang telah diprogram dalam sebuah komputer, berikut adalah perintah yang sudah diterjemahkan dalam bahasa manusia. (catatan : berdasarkan harga a yang positif)\r\n\r\n1. Melangkah dengan jarak a ke depan\r\n2. Memutar arah ke kanan tegak lurus\r\n3. Melangkah sepanjang 2a\r\n4. Memutar ke arah kiri tegak lurus\r\n5. Melangkah sepanjang 0,5a\r\n6. Memutar ke arah kiri tegak lurus\r\n7. Melagkah sepanjang 3,5a\r\n8. Memutar ke arah kiri tegak lurus\r\n9. Melangkah sepanjang a\r\n10. Memutar ke arah kanan tegak lurus\r\n\r\nJika posisi awal ada di (1,1) dan robot sedang menghadap ke arah sumbu y positif, deretan perintah di atas dijalankan dengan `a = 4`, maka posisi akhir robot adalah ..', NULL, '(5, -3)', '(-5, 3)', '(3, 5)', '(-4, 5)', '(5, 4)', 0, 'B', '2015-02-27 08:11:34', '2015-02-28 05:09:35'),
(165, '3', '(Lihat soal sebelumnya)\r\nJika posisi awal ada di (0,0) dan robot sedang menghadap ke arah sumbu x+, deretan perintah tersebut dilakukan sebanyak 7 kali dengan a=1, maka posisi akhir robot adalah', NULL, '`(-3/2,1/2)`', '`(-3/2,-1/2)`', '`(3/2,1/2)`', '`(1/2,3/2)`', '`(-1/2,3/2)`', 0, 'A', '2015-02-27 08:15:13', '2015-02-28 09:20:19'),
(164, '3', '(Lihat soal sebelumnya)\r\nJika posisi awal ada di (0,0) dan robot sedang menghadap ke arah sumbu y+, deretan perintah tersebut dijalankan berulang sebanyak 2 kali dengan a=2, maka posisi akhir robot adalah..', NULL, '(-4,2)', '(-4,-2)', '(4,3)', '(4,2)', '(2,4)', 0, 'A', '2015-02-27 08:13:37', '2015-02-28 05:14:41'),
(169, '3', 'Jika orang yang pertama saya kirimi SMS adalah A maka berapa menit lagi A akan<br />\r\nmenerima SMS dari I?', NULL, '20 menit', '30 menit', '24 menit', '27 menit', '25 menit', 0, 'E', '2015-02-27 08:21:41', '2015-02-27 08:21:41'),
(166, '3', 'Seutas kabel serat optik yang panjangnya 200 meter diketahui terputus didalamnya tepat di satu posisi. Karena secara fisik tidak terlihat adanya tanda-tanda dimana lokasi yang putus itu, kabel dipotong-potong sbb.\r\n\r\n1. ) Pertama kabel dipotong ditengah, lalu masing-masing diperiksa,\r\n2. ) Bagian yang baik disimpan untuk disambung-sambungkan kembali nanti,\r\n3. ) Sementara yang di dalamnya terputus kembali dipotong ditengahnya, hingga potongan sudah terlalu kecil, langsung dibuang.\r\n4. ) Potongan-potongan kabel yang baik kemudian disambung-sambungkan kembali dengan biaya penyambungan 25 ribu per sambungan. Kabel yang sudah disambung-sambungkan itu nanti masih dapat dijual seharga 5 ribu per meter.\r\n\r\nAsumsikan bahwa tidak terjadi perubahan panjang yang signifikan sebelum dan setelah penyambungan, berapa banyak sambungan yang dibuat agar nilai penjualan setelah dikurangi biaya penyambungannya adalah sebesar-besarnya?<br />\r\n', NULL, '3', '2', '1', '5', '4', 1, 'E', '2015-02-27 08:17:42', '2015-02-28 03:53:24'),
(167, '3', 'Cuplikan berikut adalah untuk 3 soal berikutnya\r\n\r\nSuatu pesan akan saya distribusikan ke orang-orang bernama A, B, C, D, E, F, G, H, dan I melalui pesan singkat (SMS) secara berantai. Mereka mengetahui beberapa nomor telp yang lain sbb.\r\nA hanya mengetahui nomor-nomor telp F, G;\r\nB hanya mengetahui nomor-nomor telp C, E, H;\r\nC hanya mengetahui nomor telp A;\r\nD hanya mengetahui nomor-nomor telp E, I;\r\nE hanya mengetahui nomor telp H;\r\nF hanya mengetahui nomor-nomor telp B, E;\r\nH hanya mengetahui nomor-nomor telp I, C;\r\nG hanya mengetahui nomor telp F;\r\nI hanya mengetahui nomor-nomor telp A, B;\r\n\r\nKarena teknologi komunikasi masih terbatas maka saat menerima SMS mereka tidak mengetahui siapa dan apa nomor telp pengirimnya. Diasumsikan bahwa begitu mereka menerima SMS, maka dalam jeda tepat 5 menit SMS akan diteruskan secara serentak ke orang-orang yang mereka ketahui nomor teleponnya dan SMS yang dikirim tsb langsung diterima tanpa ada jeda. Dipastikan bahwa mereka tidak akan mengirim SMS yang sama ke orang yang sama lebih dari satu kali.\r\n\r\nSiapakah orang yang akan saya kirimi SMS agar dengan hanya dengan satu kali saja maka selanjutnya berita tsb akan sampai ke setiap orang?', NULL, 'G', 'F', 'E', 'A', 'B', 0, 'D', '2015-02-27 08:19:04', '2015-02-28 05:18:31'),
(230, '1', 'Hitung jumlah dari `1/2 + 4/4 + 9/8 + 16/16 + 25/32 + . . .` !', NULL, '3', '6', '9', '12', '15', 1, 'B', '2015-02-27 22:47:28', '2015-02-27 22:47:28'),
(168, '3', '(Lihat soal sebelumnya)\r\nJika orang yang pertama saya kirimi SMS adalah G maka siapakah yang akan menerima SMS tersebut paling banyak akhirnya?', NULL, 'G', 'H', 'I', 'E', 'A', 0, 'D', '2015-02-27 08:20:00', '2015-02-28 05:19:57'),
(189, '2', 'Pada perancangan suatu elevator, gaya yang diberikan oleh penggunanya tidak boleh melebihi 1,6 kali berat penggunanya. Elevator tersebut mengalami percepatan konstan ke atas untuk jarak 3 m , kemudian  melambat secara perlahan. Dari keadaan tersebut, maka kecepatan maksimum elevator adalah.. `m//s^2`', NULL, '`sqrt(18)`', '`9`', '`3`', '`6`', '`2sqrt(3)`', 1, 'A', '2015-02-27 09:55:41', '2015-02-28 06:05:12'),
(170, '3', '(Lihat soal sebelumnya)\r\nJika orang yang pertama saya kirimi SMS adalah A maka siapa saja yang sudah menerima SMS tepat setelah menit ke 15?', NULL, 'Semua tanpa kecuali', 'Semua kecuali C, D dan G', 'Semua kecuali A dan C', 'Semua kecuali C', 'Belum semua', 0, 'B', '2015-02-27 08:24:04', '2015-02-28 06:20:45'),
(171, '3', 'Ada n buah lampu dengan n buah saklar. Pada awalnya semua lampu dalam keadaan mati. Jika saklar pertama ditekan, maka akan merubah keadaan semua lampu (mati jadi hidup dan hidup jadi mati). Jika saklar kedua ditekan, maka akan merubah keadaan semua lampu kelipatan dua. Jika saklar ketiga ditekan, maka akan merubah keadaan semua lampu kelipatan tiga dan seterusnya. Jika n = 10, maka berapakah jumlah lampu yang menyala setelah n saklar tersebut ditekan?', NULL, '3', '4', '2', '5', '6', 0, 'A', '2015-02-27 08:32:44', '2015-02-27 08:40:58'),
(191, '2', 'Masing-masing dari ketiga resistor pada gambar disamping memiliki resistansi  3 dan dapat mendisipasikan daya maksimum sebesar  48 W tanpa mengalami panas yang berlebihan. Maka daya maksimum yang dapat didisipasikan oleh rangkaian adalah.', '/question/img/soal-191.jpg', '48 W', '72 W', '144 W', '16 W', '36 W', 1, 'B', '2015-02-27 10:17:58', '2015-02-27 10:19:03'),
(172, '3', 'Berapa jumlah n minimum agar setelah semua saklar ditekan jumlah lampu yang mati sebanyak 12?', NULL, '16', '8', '4', '15', '14', 0, 'A', '2015-02-27 08:42:06', '2015-02-27 08:42:06'),
(173, '3', 'Seorang petani berniat memagari salah satu sisi lahannya. Ketika itu dia akan memasang pagar, ia memperkirakan jarak antar pagar akan sepanjang 6 m. Ternyata ia salah, sehingga kurang 5 buah pagar tidak terbeli. Namun keadaan ini dapat teratasi dengan menaruh pagar-pagar tersebut dengan jarak sepanjang 8 meter. Berapa panjang sisi lahan itu?', NULL, '100', '140', '125', '120', '130', 1, 'D', '2015-02-27 08:43:49', '2015-02-27 08:43:49'),
(174, '3', 'Bilangan pertama bila dibagi dengan bilangan itu sendiri ditambah satu akan menghasilkan 1/5. Bilangan kedua bila dibagi dengan bilangan itu sendiri ditambah 1 akan menghasilkan 1/5 bilangan itu sendiri. Berapa hasil kali kedua bilangan tersebut?', NULL, '2', '1', '4', '3', '10', 1, 'B', '2015-02-27 08:45:42', '2015-02-27 08:45:42'),
(175, '3', 'Jika operasi (a mod b) adalah sisa dari operasi pembagian a oleh b, berapakah (`7^(7.777.777)` mod 100) + (`5^(5.555.555)` mod 10)? ', NULL, '11', '15', '12', '22', '32', 1, 'C', '2015-02-27 08:52:39', '2015-02-27 08:52:39'),
(176, '2', 'Suatu rangkaian LC dengan induktansi 10 mH, dan kapasitansinya 25 `mu`F. Rangkaian ini dihubungkan dengan sebuah sumber DC 300 V. Maka pada saat t=0, energi magnetik dan energi listrik pada rangkaian tersebut adalah....', NULL, '0 J dan 2,25 J\r\n', '2,25 J dan 0 J\r\n', '1,125 J dan 1,125 J\r\n', '0 J dan 1,125 J\r\n', '1,125 J dan 0 J', 1, 'D', '2015-02-27 08:56:34', '2015-02-27 08:58:41'),
(177, '2', 'Sebuah kapasitor 1,5 `mu`F diberikan tegangan 60 V. Baterai pengisi kemudian dilepaskan, dan kumparan 15 mH dihubungkan secara seri dengan kapasitor sehingga terjadi osilasi. Jika dianggap tidak ada beban resistansi dalam rangkaian, maka arus maksimum dalam kumparan adalah .... ', NULL, '0.6 A', '6 A', '3 A', '0.3 A', '0.06 A', 1, 'A', '2015-02-27 09:00:36', '2015-02-27 09:00:36'),
(178, '2', 'Sebuah kumparan dengan radius 4 cm memiliki 500 lilitan ditempatkan pada daerah medan magnetik yang berubah terhadap fungsi waktu B = (0,0120 T/s) t  +  (3 x `10^-5` T/`s^-4`) `t^4`. Kumparan tersebut lalu dihubungkan dengan resistor 600 `Omega`. Arah penampang kumparan tersebut tegak lurus dengan medan magnetik. Maka arus yang mengalir pada resistor saat t = 5 s adalah.....', NULL, '1,13 x `10^-3` A\r\n', '1,13 x `10^-4` A\r\n', '2,26 x `10^-6` A\r\n', '1,13 x `10^-6` A\r\n', '2,26 x  `10^-3` A', 1, 'B', '2015-02-27 09:11:01', '2015-02-27 09:11:01'),
(179, '2', 'Tiga buah titik terletak pada titik sudut suatu segitiga sama sisi yang panjang sisinya L. Ketiga titik ini bergerak bersamaan dengan kecepatan konstan V. Arah kecepatan titik pertama menuju titik kedua, titik kedua menuju titik ketiga, dan titik ketiga menuju titik pertama. Maka ketiga titik ini bertemu pada saat', NULL, '`(2L)/(3V)`', '`(3L)/(2V)`', '`(L)/(V)`', '`(sqrt(2)L)/(3V)`', '`(sqrt(3)L)/(3V)`', 1, 'A', '2015-02-27 09:17:11', '2015-02-28 04:12:22'),
(180, '2', 'Suatu loop persegi panjang dengan lebar L, resistansi R, dan massa m, terletak seperti pada gambar. Medan magnetik B diarahkan kedalam loop tersebut dan hanya muncul sebatas garis aa. Loop tersebut kemudian dijatuhkan. Selama dijatuhkan, loop tersebut mengalami percepatan hingga mencapai suatu batas kecepatan `v_t`.  Tentukanlah `v_t` ( abaikan hambatan udara) !', '/question/img/soal-180.png', '`(mgR)/(B^2L^2)`\r\n', '`(mgR^2)/(B^2L^2)`\r\n', '`(2mgR)/(B^2L^2)`\r\n', '`(mgR)/(2B^2L^2)`', '`(mgR)/(BL)`', 1, 'A', '2015-02-27 09:19:06', '2015-02-28 04:34:57'),
(181, '2', 'Suatu pesawat terbang dengan lebar sayap    bergerak dengan kecepaatan  v melalui udara dengan kerapatan . Jika k adalah suatu konstanta, maka gaya angkat pesawat per satuan panjang rentangan sayap pesawat adalah...', NULL, '`k l v `', '`k l v // `', '`k l v^2 `', '`k l v ^2`', '`k l v // ^2`', 1, 'D', '2015-02-27 09:19:32', '2015-02-28 04:19:14'),
(182, '2', 'Sebuah mobil dipercepat dari keadaan diam dengan percepatan . Setelah itu mobil diperlambat dengan perlambatan  hingga berhenti. Total waktu yang dibutuhkan adalah t. Maka jarak yang ditempuh mobil ini adalah..', NULL, '`1/2t^2()/((+))`', '`1/2t^2()/((+))`', '`2t^2()/((+))`', '`1/2t^2()/((+))`', '`t^2()/((+))`', 1, 'A', '2015-02-27 09:23:27', '2015-02-28 04:40:00'),
(184, '2', 'Sebuah bola digantung pada seutas tali dan berayun dalam bidang vertikal sedemikian sehingga nilai percepatan efektifnya pada titik tertinggi dan titik terendah adalah sama. Maka sudut simpangan  adalah', '/question/img/soal-184.png', '`60^0`', '`30^0`', '`37^0`', '`53^0`', '`45^0`', 1, 'D', '2015-02-27 09:38:44', '2015-02-27 09:38:44'),
(254, '2', 'Daniel, Yulio, Wiko menarik sebuah ban secara horizontal dengan sudut seperti yang terlihat di gambar. Tetapi ban tersebut tidak bergerak akibat ketiga tarikan tersebut. Yulio menarik dengan gaya sebesar 220 N, Daniel menarik dengan gaya sebesar 264 N. Maka gaya yang diberikan oleh Wiko adalah.....\r\n', '/question/img/soal-254.PNG', '`(176 + 132sqrt(3))`', '`(110sqrt(3) + 132)`', '`(176 + 132sqrt(2))`', '`(110sqrt(2) + 132)`', '`(110 + 132sqrt(2))`', 1, 'A', '2015-02-28 04:21:47', '2015-02-28 04:22:21'),
(187, '2', 'Suatu kumparan seperti pada gambar disamping memiliki dimensi l dan w ditarik ke kanan dengan kecepatan v melalui daerah medan magnetik B dimana penampang kumparan tersebut tegak lurus dengan medan magnetik B. Jika kecepatan dan medan magnetik diperbesar 3 kali kondisi awal, maka ggl induksi yang dihasilkan adalah..... ', '/question/img/soal-187.png', '3 kali keadaan awal\r\n', '9 kali keadaan awal\r\n', '27 kali keadaan awal\r\n', '1,5 kali keadaan awal', '0', 1, 'E', '2015-02-27 09:51:58', '2015-02-28 06:03:21'),
(192, '2', 'Pada rangkaian di samping, semua resistor terukur memiliki daya maksimum 2,5 W. Maka  maksimum yang dimiliki oleh baterai agar resistor tidak terbakar adalah.', '/question/img/soal-192.jpg', '31,5 V', '63 V', '126 V', '15,75 V', '220 V', 1, 'A', '2015-02-27 10:21:57', '2015-02-27 10:21:57'),
(193, '2', 'Dimisalkan resistor dengan resistansi R dirangkai seperti pada gambar. Satu resistor terletak di masing-masing rusuk kubus. Maka resistansi ekuivalen antara titik a dan b adalah..', '/question/img/soal-193.jpg', '`12 R`', '`(5R)//6`', '`(10R)//6`', '`3R`', '`R/12`', 1, 'B', '2015-02-27 10:25:28', '2015-02-28 05:39:51'),
(195, '2', 'Air mengalir melewati selang taman pada laju aliran volume dV/dt. Jika massa jenis air adalah , bilangan Avogadro adalah `N_A`, dan muatan elektron adalah e, maka arus muatan negatif aliran air tesebut adalah....', NULL, '`i=5/9eN_A (dV)/(dt)`', '`i=eN_A (dV)/(dt)`', '`i=5/9e^2N_A (dV)/(dt)`', '`i=e^2N_A (dV)/(dt)`', '`i=7/9e^2N_A (dV)/(dt)`', 1, 'A', '2015-02-27 10:50:09', '2015-02-28 05:43:39'),
(196, '2', 'Sebuah kabel perak yang memiliki diameter 2,66 mm menyalurkan muatan sebesar 420 C dalam 80 menit. Perak mengandung 5,8 x `10^28` elektron per meter kubik. Maka arus yang mengalir pada kabel tersebut adalah....', NULL, '17,5 x `10^(-2)` A', '8,75 x `10^(-2)` A', '5,25 x `10^(-1)` A', '8,75 x `10^(-1)` A', '5,25 A', 1, 'B', '2015-02-27 10:54:06', '2015-02-28 05:47:16'),
(228, '2', 'Tiga muatan titik dengan besar yang sama yaitu `1 muC` diletakkan pada sudut-sudut segitiga sama sisi dengan panjang sisinya 0,5 `m`. Dengan mengasumsikan bahwa energi potensial ketiga muatan tersebut pada jarak tidak terhingga adalah nol, maka energi potensial dari sistem tersebut adalah.', NULL, '0,054 `J`', '0,027 `J`', '0,018 `J`', '0,009 `J`', '0 `J`', 1, 'A', '2015-02-27 22:40:36', '2015-02-27 22:40:36'),
(199, '2', 'Posisi angular sebuah roda dengan diameter  0,36 m diberikan menurut persamaan   = (2 rad/`s^3`) `t^3`. Maka percepatan angular rata-rata antara t = 3s sampai t = 5s adalah ', NULL, '48 rad/`s^2`', '96 rad/`s^2`', '49 rad/`s^2`', '24 rad/`s^2`', '98 rad/`s^2`', 1, 'A', '2015-02-27 11:04:12', '2015-02-28 05:52:22'),
(200, '2', 'Sebuah roda kereta dikonstruksi seperti pada gambar. Jari-jari roda adalah 0.3 m. Lingkaran luarnya memiliki massa 1,4 kg. Masing-masing dari kedelapan jari-jarinya memiliki panjang 0,3 m dan massa 0,28 kg. Maka momen inersia roda dengan sumbu yang melalui pusatnya yang tegak lurus dengan penampang roda adalah', '/question/img/soal-200.jpg', '0,126 kg `m^2`', '0,0672 kg `m^2`', '0,328 kg `m^2`', '0,265 kg `m^2`', '0,193 kg `m^2`', 1, 'E', '2015-02-27 11:08:38', '2015-02-27 11:08:38'),
(201, '2', 'Sebuah kapasitor keping sejajar disusun dengan mengisi ruang kosong diantara kedua keping dengan 3 blok bahan dielektrik seperti pada gambar. Maka kapasitansi totalnya adalah  ', '/question/img/soal-201.png', '`(epsilon_0A)/d(k_1/2+(k_2k_3)/(k_2+k_3))`', '`(epsilon_0A)/(2d)(k_1/2+(k_2k_3)/(k_2+k_3))`', '`(2epsilon_0A)/d(k_1/2+(k_2k_3)/(k_2+k_3))`', '`(epsilon_0A)/d(k_1/4+(k_2k_3)/(k_2+k_3))`', '`(epsilon_0A)/d(k_1/2+(2k_2k_3)/(k_2+k_3))`', 1, 'A', '2015-02-27 12:34:33', '2015-02-27 12:34:55'),
(202, '2', 'Sebuah mobil bergerak menuruni suatu jalan yang miring dengan sudut `theta` terhadap bidang horizontal dengan percepatan a. Di dalam mobil terdapat sebuah bandul dengan panjang tali l dan massa m. Maka periode osilasi bandul dalam mobil ini adalah......', NULL, '2`pi``sqrt(1/sqrt(a^2+g^2+2agsintheta`', '2`pi``sqrt(1/sqrt(a^2+g^2+2agcostheta`', '2`pi``sqrt(1/sqrt(a^2+g^2-2agsintheta`', '2`pi``sqrt(1/sqrt(a^2+g^2-2agcostheta`', '2`pi``sqrt(1/sqrt(a^2+g^2-agsintheta`', 1, 'C', '2015-02-27 12:42:18', '2015-02-27 12:42:18'),
(203, '2', 'Suatu benda berosilasi dengan amplitudo A diujung sebuah pegas. Maka jarak benda tersebut dengan posisi keseimbangan pegas ketika energi potensial elastiknya sama dengan energi kinetiknya adalah.....', NULL, '`A//sqrt(2)`', '`A//2`', '`A//4`', '`A`', '`A//sqrt(3)`', 1, 'A', '2015-02-27 12:52:58', '2015-02-27 12:53:34'),
(205, '2', 'Suatu partikel bermassa 1.50 gr ditempatkan di suatu tempat yang memiliki medan listrik 650 N/C yang arahnya vertikal ke bawah. Agar partikel tersebut tetap dalam keadaan diam tidak bergerak, maka muatan partikel tersebut adalah.....', NULL, '0', '+ 2,3 `mu`C', '- 2,3 `mu`C', '+2,3 x `10^(-2)` C', '-2,3 x `10^(-2)` C', 1, 'C', '2015-02-27 15:01:46', '2015-02-28 04:52:53'),
(229, '2', 'Usaha yang dibutuhkan untuk memindahkan 8 muatan titik identik `q`  dari jarak tidak terhingga ke titik-titik sudut sebuah kubus dengan panjang sisi `S` adalah.. ', NULL, '`(k_eq^2)/(s)(12+6sqrt(2)+4/(3)sqrt(3))` J', '`(k_eq^2)/(s)(12+4sqrt(3)+2sqrt(2))` J', '`(k_eq^2)/(s)(12+6sqrt(3))` J', '`(k_eq^2)/(s)(8+6sqrt(2)+4sqrt(3))` J', '`0`', 1, 'A', '2015-02-27 22:44:13', '2015-02-28 04:48:12'),
(207, '2', 'Suatu bandul memiliki periode di bumi sebesar `1,6` `s`. Periodenya di planet yang memiliki gaya gravitasi sebesar `2,5`  `m//s^2` adalah...', NULL, '`6,4`  `s`', '`3,2`  `s`', '`4`  `s`', '`2`  `s`', '`1,6`  `s`', 1, 'B', '2015-02-27 16:04:50', '2015-02-27 16:07:32'),
(208, '2', 'Seorang astronot mendarat di suatu planet yang tidak dikenal. Untuk mengetahui gaya gravitasi pada planet tersebut, dia merancang sebuah bandul dengan panjang 50 cm. Bandul tersebut melakukan 100 kali ayunan dalam 150 detik. Gaya gravitasi di planet tersebut adalah', NULL, '87,7  `m//s^2`', '8,77  `m//s^2`', '4,39  `m//s^2`', '43,9  `m//s^2`', '10  `m//s^2`', 1, 'B', '2015-02-27 16:09:44', '2015-02-27 16:10:20'),
(227, '2', 'Tiga buah muatan titik yang pada awalnya terpisah sejauh jarak tak terhingga diletakkan pada sudut-sudut sebuah segitiga sama sisi dengan panjang sisi `d`. Dua dari muatan titik tersebut adalah identik yaitu `q`. Jika usaha yang dibutuhkan untuk memindahkan ketiga muatan titik tersebut ke sudut-sudut segitiga adalah nol, maka muatan titik ketiga adalah..', NULL, '`q`', '`-q`', '`-q/2`', '`q/2`', '`2q`', 1, 'C', '2015-02-27 22:38:17', '2015-02-27 22:38:17'),
(226, '2', 'Tarzan yang memiliki massa `m` berayun dari puncak sebuah jurang ke puncak lain yang lebih rendah setinggi `h` meter dari puncak sebelumnya dengan memegang ujung akar yang memiliki panjang `r` meter. Jika gaya gravitasi bumi adalah `g`, maka gaya yang diberikan oleh tarzan terhadap tali adalah...', '/question/img/soal-226.bmp', '`mg(1+(2h)/(3r))`', '`mg(1+(r)/(h))`', '`mg(1+(2r)/(h))`', '`mg(1+(2h)/(r))`', '`mg(1+(h)/(r))`', 1, 'D', '2015-02-27 22:35:54', '2015-02-27 22:35:54'),
(211, '1', 'Suatu silinder dengan alas berbentuk lingkaran dengan jari jari 3 meter dipotong menjadi potongan kecil sesuai gambar di bawah dengan sudut potongan `45^sfo`. Berapa volume potongan kecil tersebut ?', '/question/img/soal-211.jpeg', '`18\\ sf"m"^3`', '`25\\ sf"m"^3`', '`45\\ sf"m"^3`', '`58\\ sf"m"^3`', '`64\\ sf"m"^3`', 1, 'A', '2015-02-27 16:33:35', '2015-02-27 16:39:33'),
(212, '1', 'Area yang dibatasi oleh sumbu `x` dan parabola `y\\ =\\ 3x\\ -\\ x^2` diputar terhadap garis `x\\ =\\ -1`. Berapakah volume benda putarnya ?', NULL, '`7pi/2`', '`15pi/2`', '`23pi/2`', '`32pi/2`', '`45pi/2`', 1, 'E', '2015-02-27 16:43:30', '2015-02-27 16:43:30'),
(213, '1', 'Berapa banyak cara yang dapat dilakukan untuk memilih `3` kelompok belajar yang masing masing terdiri atas `2` orang dari total `6` orang ?', NULL, '`6`', '`15`', '`22`', '`27`', '`31`', 1, 'C', '2015-02-27 16:45:55', '2015-02-27 16:45:55'),
(214, '1', 'Daniel ingin membentuk bilangan ribuan yang terdiri dari `4` angka yang kurang dari `2015` yang angka angkanya diambil dari `0`, `1`, `2`, `5`, `7`, `8`, dan `9`. Ada berapa banyak bilangan yang dapat dibentuk jika angka angkanya tidak boleh berulang ?', NULL, '`90`', '`120`', '`225`', '`273`', '`343`', 1, 'B', '2015-02-27 17:22:52', '2015-02-27 17:22:52'),
(215, '1', 'Dalam perlombaan electrical engineering competition ada `20` kelompok dengan setiap kelompok beranggotakan `3` orang. Jika setiap orang belum saling kenal kecuali dengan sesama kelompoknya dan mereka saling berjabat tangan dengan orang yang belum mereka kenal, maka banyak jabat tangan yang terjadi adalah ...', NULL, '`890`', '`1450`', '`1710`', '`1920`', '`2125`', 1, 'C', '2015-02-27 17:24:31', '2015-02-27 17:25:27'),
(216, '1', 'Jika didalam kantong terdapat `6` bola merah dan `4` bola biru dan akan diambil `2` bola secara berturut-turut, maka berapakah peluang mendapatkan `2` bola biru jika dilakukan tanpa pengembalian ?', NULL, '`1/3`', '`2/5`', '`1/8`', '`2/25`', '`2/15`', 1, 'E', '2015-02-27 17:26:27', '2015-02-27 17:26:27'),
(217, '1', 'Dari tujuh angka `1`, `3`, `4`, `5`, `6`, `8`, `9` akan dibentuk sebuah bilangan 3 angka dan lebih dari `500`. Berapa banyak bilangan genap yang dapat dibentuk jika angka  angkanya tidak boleh berulang ?', NULL, '`15`', '`27`', '`35`', '`50`', '`84`', 1, 'D', '2015-02-27 17:29:36', '2015-02-27 17:29:36'),
(218, '1', 'Diketahui bahwa titik `sf"B"` adalah titik api sebuah kebakaran. Jika sebuah robot pemadam api beroda milik Universitas Gadjah Mada akan berjalan dari titik `sf"A"` ke titik `sf"B"`. Ada berapa banyak cara jalan terpendek yang dapat dipilihnya ?', '/question/img/soal-218.jpg', '`50`', '`140`', '`250`', '`330`', '`460`', 1, 'D', '2015-02-27 17:31:19', '2015-02-27 17:31:19'),
(219, '1', 'Sebuah bangun segienam beraturan dibagi menjadi `6` buah segitiga sama sisi. Keenam segitiga tersebut akan diberi warna yang berbeda. Jika terdapat `2015` bangun segienam beraturan serta diinginkan tidak ada corak yang sama diantara dua buah bangun segienam, maka ada berapa minimal warna yang diperlukan ?', NULL, '`5`', '`6`', '`7`', '`8`', '`9`', 1, 'D', '2015-02-27 17:31:59', '2015-02-27 17:31:59'),
(220, '1', 'Peluang Ahmadi lulus ujian `95sf%` dan peluang Putu lulus ujian `90sf%`. Jika dapat dianggap bahwa kejadian Ahmadi lulus dan Putu lulus merupakan dua kejadian yang saling bebas, berapakah peluang Ahmadi atau Putu lulus Ujian ?', NULL, '`0.785`', '`0.885`', '`0.925`', '`0.975`', '`0.995`', 1, 'E', '2015-02-27 17:32:57', '2015-02-27 17:34:42'),
(221, '1', 'Tentukan nilai `x` dari `4/5(2^(3x-1)) + 8^x/2 = 2`', NULL, '`1/4`', '`1/3`', '`1/2`', '`2/3`', '`3/4`', 1, 'D', '2015-02-27 17:35:54', '2015-02-27 17:36:21'),
(222, '1', 'Bentuk sederhana dari ` ( (root6(x^2)) (root3( x^2 root2(x+1))) )  / ( x root6(x+1) )`', NULL, '`1/4`', '`1/2`', '`1`', '`3/2`', '`5/2`', 1, 'C', '2015-02-27 17:37:34', '2015-02-27 17:40:32'),
(223, '1', 'Penyelesaian untuk ` |x^2-2| - 6+2x lt 0 `', NULL, '`-4 lt x lt 2`', '`x lt -4`', '`x gt 2`', '`2 lt x lt 4`', '`x lt -2`', 1, 'A', '2015-02-27 17:41:52', '2015-02-27 17:42:12'),
(224, '1', 'Berdasarkan persamaan\r\n`abc + ab + bc + ca + a + b + c = 1`\r\n`bcd + bc + cd + db +b + c + d = 9`\r\n` cda + cd + da + ac + c + d + a =9` \r\n`dab + da + ab + bd + d + b + a = 9`\r\ntentukan nilai dari `a + b + c`', NULL, '`2 sqrt2 + 2`', '`2 sqrt2 - 2`', '`3 root3(2) + 3`', '`3 root3(2) - 3`', '`3 root3(2)`', 1, 'C', '2015-02-27 17:45:39', '2015-02-28 05:48:36'),
(225, '1', 'Tentukan nilai dari\r\n` (9 - 1/100)^3 * (9 - 2/100)^3 * (9 - 3/100)^3 * ... * (9 - 2015/100)^3`', NULL, '`-2`', '`-1`', '`0`', '`1`', '`2`', 1, 'C', '2015-02-27 17:50:48', '2015-02-27 17:51:23'),
(232, '2', 'Sebuah bola dengan massa M bergerak horizontal dengan kecepatan 4 m/s. Bola tersebut bertabrakan secara elastis dengan sebuah balok dengan massa 3M yang awalnya diam tergantung pada ujung sebuah kabel 50 cm di langit-langit. Jika `theta` adalah sudut maksimum yang dibentuk balok setelah bertabrakan, maka `cos` `theta` adalah.', NULL, '0,8', '0,6', '0,4', '0', '0,2 ', 1, 'B', '2015-02-27 22:53:27', '2015-02-28 04:58:54'),
(233, '2', 'Sebuah peluru dengan massa 5 gr ditembakkan secara horizontal  ke arah balok kayu dengan massa 1 kg yang terdiam pada permukaan horizontal. Koefisien gesek kinetik antara balok dengan permukaan adalah 0,4. Peluru menancap ke dalam balok yang mengakibatkan balok berpindah sejauh 0,2 m sepanjang permukaan sebelum akhirnya berhenti. Maka kecepatan balok  adalah', NULL, '`sqrt8` `m//s`', '`2  m//s`', '`sqrt(0,8)` `m//s`', '`sqrt(0,4)` `m//s`', '0 ', 1, 'C', '2015-02-27 22:55:49', '2015-02-28 05:02:34'),
(234, '2', 'Medan magnetik di suatu lokasi di bumi memiliki arah vertikal ke bawah dengan besar 50 `mu T`. Suatu proton bergerak secara horizontal ke arah barat dengan kecepatan 6 x `10^6` m/s. Berapakah jari-jari lintasan yang dibentuk oleh pergerakan proton ini?', NULL, '125 km ', '250 km', '1250 km', '1,25 km', '2,5 km', 1, 'D', '2015-02-27 22:58:26', '2015-02-28 05:05:21'),
(235, '2', 'Sebuah magnetron dalam sebuah oven gelombang mikro memancarkan gelombang elektromagnetik dengan frekuensi f = 2500 MHz. Agar suatu partikel dengan muatan `1,6.10^-19`  C dan massanya `9.10^-31` kg dapat bergerak dalam lintasan lingkaran dengan frekuensi tersebut, maka kekuatan medan magnetik yang dibutuhkan adalah.....', NULL, '`28,125pi x 10^-3`  `T`', '`28,125pi x 10^-6`  `T`', '`28,125 x 10^-3`  `T`', '`28,125 x 10^-6`  `T`', '`28,125 x 10^-9`  `T`', 1, 'A', '2015-02-27 23:01:10', '2015-02-28 05:10:27'),
(236, '1', 'Harga `x` real yang memenuhi persamaan `x^2 + x^2/{(x+1)^2} = 3` adalah ...', NULL, '`{1+sqrt(3)}/2`', '`{1 - sqrt(3)}/3`', '`{1+sqrt(5)}/2`', '`{1-sqrt(5)}/3`', '`{1+sqrt(7)}/2`', 1, 'C', '2015-02-27 23:03:29', '2015-02-27 23:03:57'),
(255, '2', 'Sebuah elektron pada titik A memiliki kecepatan `V_0` = 1,4 x `10^6` m/s. Besarnya medan magnet yang akan mengakibatkan elektron memiliki lintasan seperti pada gambar adalah.. \r\n', '/question/img/soal-255.PNG', '`3,15` x ` 10^-5 T`', '`1,575` x `10^-6 T`', '`3,15` x `10^-4 T`', '`15,75` x `10^-4 T`', '`1,575` x `10^-4 T`', 1, 'E', '2015-02-28 05:17:43', '2015-02-28 05:18:46'),
(238, '2', 'Dua kabel yang panjang dan sejajar terpisah sejauh 2,5 `cm`. Besarnya gaya per satuan panjang yang di hasilkan oleh masing-masing kabel adalah `4`.`10^-5`  `N//m`. Arus di kabel yang pertama adalah 0,6 `A`, maka arus di kabel kedua adalah', NULL, '`8,33`  `A`', '`8,33pi`  `A`', '`4,165`  `A`', '`4,165pi`  `A`', '`16,66`  `A`', 1, 'A', '2015-02-27 23:07:18', '2015-02-27 23:07:18'),
(239, '2', 'Dua buah kapasitor jika dihubungkan secara seri maka kapasitansi nya adalah `C_s`, dan jika dihubungkan secara paralel, maka kapasitansinya adalah `C_p` . Maka nilai kapasitansi dari masing-masing kapasitor adalah.....', NULL, '`1/2C_p +- sqrt(1/4C_p^2-C_pC_s)`', '`1/2C_p +- sqrt(1/4C_p^2+C_pC_s)`', '`1/2C_p +- sqrt(C_p^2+C_pC_s)`', '`1/2C_p +- sqrt(1/2C_p^2-C_pC_s)`', '`1/2C_p +- sqrt(1/2C_p^2+C_pC_s)`', 1, 'A', '2015-02-27 23:12:37', '2015-02-28 05:23:22'),
(240, '1', 'Carilah semua nilai c sehingga persamaan `x^2 - 4x - c - sqrt(8x^2 - 32x - 8c) = 0` mempunyai tepat 2 akar nyata untuk `x` !', NULL, '`c >= 12`', '`-16 < c < -8`', '`5 < c < 12`', '`c < -8`', '`c > 8`', 1, 'A', '2015-02-27 23:16:04', '2015-02-27 23:16:56'),
(241, '2', 'Dua buah pelat logam diletakkan sejajar horizontal dan dipisahkan oleh jarak `3d`. Kemudian keduanya dihubungkan dengan kabel dimana pada keadaan awal keduanya tidak memiliki muatan. Sekarang pelat identik ketiga yang membawa muatan `Q` dipasang paralel  diantara keduanya dengan jarak `d` terhadap pelat yang disebelah atas. Bila luas masing-masing pelat adalah `A`, maka beda potensial antara pelat yang ditengah dengan pelat lainnya adalah...', '/question/img/soal-241.png', '`(Qd)/(3epsilon_0A)`', '`(2Qd)/(3A)`', '`(4Qd)/(3epsilon_0A)`', '`(2Qd)/(epsilon_0A)`', '`(2Qd)/(3epsilon_0A)`', 1, 'E', '2015-02-27 23:17:55', '2015-02-28 05:25:41'),
(242, '1', 'Hitunglah nilai `(1 + 1/2)*(1-1/3)*(1+1/4)*(1-1/5)*(1+1/6)*ldots*(1-1/2013)*(1+1/2014)`', NULL, '`2014`', '`2014/2015`', '`2015`', '`2015/2014`', '`1/2015`', 1, 'D', '2015-02-27 23:29:19', '2015-02-27 23:30:14'),
(243, '1', 'Ditentukan 3 buah persamaan dengan x,y,z > 0\r\n`xy - 2x - y + 2 = 12`\r\n`yz - 3y - 2z + 6 = 20`\r\n`xz - z -3x + 3 = 15`\r\nTentukan nilai dari `3x + 2y + 3z`.', NULL, '12', '24', '36', '48', '60', 1, 'D', '2015-02-28 02:48:10', '2015-02-28 09:49:06'),
(244, '1', 'Jika `sqrt(x+10) - sqrt(x+2) < 2`, maka batas-batas nilai `x` yang memenuhi adalah...', NULL, '`x > -1`', '`0 <= x <= 1`', '`x >= 2`', '`-10 < x < -2`', '`-2 <= x <= 7/4`', 1, 'A', '2015-02-28 02:53:27', '2015-02-28 02:53:27'),
(245, '1', 'Tentukan nilai minimal dari `{9x^2 sin^2x+4}/{x sinx}` untuk `0 < x < pi`.', NULL, '`5 1/2`', '`8`', '`12`', '`16`', '`18 1/2`', 1, 'C', '2015-02-28 02:56:41', '2015-02-28 02:56:41'),
(246, '1', 'Tentukan semua solusi real `x` untuk `x^2 < |2x-8|`', NULL, '`0 <= x <= 2`', '`x > 2`', '`-4 < x < 2`', '`-8 <= x <= 1`', '`x <= 4` atau `x >= 4`', 1, 'C', '2015-02-28 03:05:09', '2015-02-28 03:05:09'),
(247, '1', 'Hitunglah bentuk tak hingga berikut, \r\n`2+ {3} / {2+ {3} / {2+ {3} / {2+ {3} / {2+ {3} / {}}}}}`', NULL, '`1`', '`3/2`', '`2`', '`5/2`', '`3`', 1, 'E', '2015-02-28 03:07:34', '2015-02-28 03:08:24'),
(248, '1', 'Hitunglah `tan 10^{ circ} * tan 50^{ circ} * tan 70^{ circ}`', NULL, '`1/2`', '`sqrt(3) / 3`', '`1`', '`sqrt(3)/2`', '`sqrt(3)`', 1, 'B', '2015-02-28 03:14:24', '2015-02-28 03:16:00'),
(249, '1', 'Jika `f:N rarr N`  adalah fungsi dengan `f (1) + f (2) + ldots + f (n) = n ^ {2} f(n)` untuk semua `n >= 2` dan `f(1) = 1008`. Maka nilai dari `f (2015)` adalah . . .', NULL, '`2015 !`', '`2014`', '`1/2015`', '`2015`', '`1/2014`', 1, 'C', '2015-02-28 03:20:58', '2015-02-28 03:21:47'),
(250, '1', 'Berapa digit terakhir dari  \r\n`((((((((((7)^7)^7)^7)^7)^7)^7)^7)^7)^7)^7)` ?', NULL, '1', '3', '5', '7', '9', 1, 'D', '2015-02-28 03:24:11', '2015-02-28 03:26:20'),
(251, '1', 'Berapa peluang terpilihnya secara acak bilangan pembagi 2025 yang habis dibagi 5 ?', NULL, '`3/5`', '`11/15`', '`2/3`', '`8/15`', '`7/15`', 1, 'C', '2015-02-28 03:28:12', '2015-02-28 03:33:01'),
(252, '1', 'Jika `f:R rarr R` adalah fungsi yang didefinisikan dengan `f (x) = (4 ^ (x)) / (4 ^ (x) +2)` untuk setiap `x  R`. Berapakah nilai dari `f (1 / (2015)) + f (2 / (2015)) + f (3 / (2015)) ++ f ((2012) / (2015)) + f ((2013) / (2015)) + f ((2014)/(2015))`?', NULL, '403', '720', '1007', '1420', '2015', 1, 'C', '2015-02-28 03:32:33', '2015-02-28 06:03:36'),
(253, '1', 'Tentukan semua nilai `a` sehingga persamaan `|quadx^2 +2x+a| = 2` memiliki 4 solusi akar-akar yang real !', NULL, '`a > 3`', '`a > 2` atau `a <= -1`', '`a > 3` atau `a <= -3`', '`a > 3` atau `a < -1`', '`a < -1`', 1, 'E', '2015-02-28 03:35:38', '2015-02-28 09:38:07');

-- --------------------------------------------------------

--
-- Struktur dari tabel `users`
--

CREATE TABLE IF NOT EXISTS `users` (
  `id` int(10) unsigned NOT NULL AUTO_INCREMENT,
  `email` varchar(40) COLLATE utf8_unicode_ci NOT NULL,
  `password` varchar(60) COLLATE utf8_unicode_ci NOT NULL,
  `userable_id` int(11) DEFAULT NULL,
  `userable_type` varchar(255) COLLATE utf8_unicode_ci DEFAULT NULL,
  `remember_token` varchar(100) COLLATE utf8_unicode_ci DEFAULT NULL,
  `created_at` timestamp NOT NULL DEFAULT '0000-00-00 00:00:00',
  `updated_at` timestamp NOT NULL DEFAULT '0000-00-00 00:00:00',
  PRIMARY KEY (`id`),
  UNIQUE KEY `users_email_unique` (`email`)
) ENGINE=MyISAM  DEFAULT CHARSET=utf8 COLLATE=utf8_unicode_ci AUTO_INCREMENT=160 ;

--
-- Dumping data untuk tabel `users`
--

INSERT INTO `users` (`id`, `email`, `password`, `userable_id`, `userable_type`, `remember_token`, `created_at`, `updated_at`) VALUES
(6, 'adhika.setyap@gmail.com', '$2y$10$e8LCpiqM91jJU4zhMWt/F.bI4L7TDE8OwACeilXoD6w28iPhJ9Jqy', 3, 'Admin', 'iEI9zJm1Vum5L9CZC2gDlOCHPWL4p8B9Y2IRNeDDRazJg2Xbt1cd4EMkPYrF', '2015-02-25 15:01:48', '2015-02-27 18:05:41'),
(7, 'dummy@technocornerugm.com', '$2y$10$FNGQ1b/7mICVIDyqn/A.7eb9avMSL5HLl6F11YtqRrEKt5hEv/NaO', 4, 'Participant', 'naHpscJAQi5O9LBpmS3AhbGGdu5O5c0NFgenyjFerqwZLmLdNZwKZqW8ike1', '2015-02-25 15:07:12', '2015-02-28 08:05:52'),
(8, 'abdillah96.bu@gmail.com', '$2y$10$XleS/CSkTlMaN8m8wnOqEucPUM.jKi3rDikFCykG3em.wyoPmQZPu', 4, 'Admin', 'X0CYZDmfxmvBBJbLJZz6qmsFjjhsm0XqTq8OuI9OAzUXkOoIwhzvKN0GADPC', '2015-02-25 22:49:41', '2015-02-28 06:18:05'),
(9, 'ayubalandroid@gmail.com', '$2y$10$EbU/Gt.mKB1yDXojaP76aOFSOQ0Wg3m6UHOmVL/jvf3NBfP9Q5EZa', 5, 'Admin', 'UwAhYWamoLFbCUcbN8YI6aHABSeqyd9z5mP9DFy4XTo0hXo13eGM1qTvwxfn', '2015-02-26 06:21:20', '2015-02-27 10:09:11'),
(31, 'revolusi17@gmail.com', '$2y$10$628xB.IFPpOTCECrvv2c6exzT4SisUzDZS3NdpnedyVKlzgezOSDe', 6, 'Admin', '1e0OoetKfEvcW078dS86gjDsFdYDXo5dBeH1dIwk7ZjnwdRekW5KynwNGvNd', '2015-02-27 02:13:22', '2015-02-28 06:07:45'),
(32, 'andika@admintc.com', '$2y$10$HNOagJlonh3PC71dXfvm9.7stFlbodfcwMnLg0nwc4uYFobpWBZoO', 7, 'Admin', 'okpZDcBOQbjbYVMxUI5sb1ThfC75ziUTAW8k79KxqzOoTJ2qDWkesdg7Iwo2', '2015-02-27 06:51:41', '2015-02-27 09:59:08'),
(33, 'yulio@admintc.com', '$2y$10$1wxrLn7/qkGzgqdEhvDroePE40fFUzGxprPyfW.E2tEbgkzcCPGfm', 8, 'Admin', 'iDyHD8QCUOywE6osZRpBjpPGWlJjCeRXgt5aALQNfqrPtRE0yPi1Jx13gHwj', '2015-02-27 06:59:27', '2015-02-27 09:12:59'),
(34, 'wiko@admintc.com', '$2y$10$Vc8Zq/wkszRy.cLQqO8NQeD77REkMecV81/WeM.8iCReSLQ7WgYhO', 9, 'Admin', 'iG4imATvL46dVqyxPbfaQwQOdcNKFLB03Ju8t58riQ9PNlH9NiFWfMED6rgR', '2015-02-27 07:09:39', '2015-02-27 08:24:31'),
(35, 'daniel@admintc.com', '$2y$10$f14Gf5vNwBV7OG01dz8x.uC5p/pI0wcogZb0YlgziwhxVV1PJl0Ve', 10, 'Admin', 'TQ3oCFGLjHmxP2pNlakDFm1MyzMGiXFFQKYhNKHiy5ZKO6YrRNhSbkZ5ttdf', '2015-02-27 07:25:16', '2015-02-28 11:15:54'),
(36, 'azizulfuady@gmail.com', '$2y$10$1S/tyO5z.BA06DSa9i8io.V8ALkF9nvteePeQJyM785u5V5b2z7Qu', 11, 'Admin', NULL, '2015-02-28 05:28:05', '2015-02-28 05:28:05'),
(37, 'kristsaragih@gmail.com', '$2y$10$iGIayMvKrxY7ivYYuOlfMO8BY8d6goK6UBzr5F8u.dtwFUtX7xXni', 12, 'Admin', NULL, '2015-02-28 05:38:49', '2015-02-28 05:38:49'),
(81, 'zemitter@eec.com', '$2y$10$Uq7eDE/DWtrnN.ecLQxuw.IO7kKThrSLJO4bjQOyGlZ88O9xJIAk6', 72, 'Participant', NULL, '2015-02-28 08:44:19', '2015-02-28 08:44:19'),
(82, 'tomfis_1@eec.com', '$2y$10$4lYO/lIQ/jE.tPS0CfSySOUc4SDs3VWZqfMFnbeuUXBNmfqxWlps.', 73, 'Participant', NULL, '2015-02-28 08:47:02', '2015-02-28 08:47:25'),
(83, 'tomfis_2@eec.com', '$2y$10$qMW9fI2lfDPOGCwaoAWytez/Lcxoc0mNWVePh.UtRSNPdnJAKzIIW', 74, 'Participant', NULL, '2015-02-28 08:48:41', '2015-02-28 08:48:41'),
(84, 'belalang@eec.com', '$2y$10$oVG1s0un/AeVGdsUJ43RkOvfJFPpphejKUz38UNqUBmZkrir1s8tG', 75, 'Participant', NULL, '2015-02-28 08:49:35', '2015-02-28 08:49:35'),
(85, 'lomang@eec.com', '$2y$10$AQruYuw0nDmzig40K7MHe.mEm3Jo/CcUVSYZqBLpzXUea7JvE5/.K', 76, 'Participant', NULL, '2015-02-28 08:50:47', '2015-02-28 08:50:47'),
(86, 'purworejo@eec.com', '$2y$10$kMioG403eshRnLHerJVCOOXMm.CgyGh.63H3IX4pM5rzhZ9tSiJ3a', 77, 'Participant', NULL, '2015-02-28 08:51:28', '2015-02-28 08:51:28'),
(87, 'tomfis_3@eec.com', '$2y$10$w.5gXcjMJg4BDAK1DpSWVeDS0qwOHwQw15sCboy1fQ8xrSMj6Kdve', 78, 'Participant', NULL, '2015-02-28 08:52:38', '2015-02-28 08:52:38'),
(88, 'pamengkasan@eec.com', '$2y$10$o9xv/HtID.YzoM6Swbrbh.uggwYFvUUBm.YywjHgb3QESdzNmhATO', 79, 'Participant', NULL, '2015-02-28 08:54:18', '2015-02-28 08:54:18'),
(89, 'doa_ibu@eec.com', '$2y$10$qrq8ZrvoNG1iPjs.YGX0COo02iveELwzK8RSoVWGx6AiC2msA8vaO', 80, 'Participant', NULL, '2015-02-28 08:54:31', '2015-02-28 08:54:31'),
(90, 'beriman@eec.com', '$2y$10$uyLSHXZZysGZsJ4zZM7G1u03vZapIeHqd5bxg7hzrQm1/iBN4LUZi', 81, 'Participant', NULL, '2015-02-28 08:55:32', '2015-02-28 08:55:32'),
(91, 'sampah_cupu@eec.com', '$2y$10$avXAFEdUQJcIGXsmgMkOouZ1wZUMHVxs0fyYvr5UcUrggAQlXfAi6', 82, 'Participant', NULL, '2015-02-28 08:55:44', '2015-02-28 08:55:44'),
(92, 'techno@eec.com', '$2y$10$6ZFhWjOcf/S5OXlNAGjEeuYNklA79svDtZvFLro89xMyIf8VNOoPK', 83, 'Participant', NULL, '2015-02-28 08:57:22', '2015-02-28 08:57:22'),
(93, 'hai@eec.com', '$2y$10$68B73Gz6ndes38zZA4B2FeAIELcMfHfmeWeiK3G.2jYC2i.F.YhQm', 84, 'Participant', NULL, '2015-02-28 08:58:19', '2015-02-28 08:58:19'),
(94, 'sbbs_2015@eec.com', '$2y$10$vhKid58nL6P4R9MOHyQHleM4od5fPhELigQ8iXFSMlOJTijQdwtMq', 85, 'Participant', NULL, '2015-02-28 09:00:58', '2015-02-28 09:00:58'),
(95, 'treemuskiteer@eec.com', '$2y$10$O6QKAiNnjB3Paf7tEQxBBO0XV7Cg2z.2BuSvD.sJFxxILZYpKFbeC', 86, 'Participant', NULL, '2015-02-28 09:02:42', '2015-02-28 09:02:42'),
(96, '68_K1@eec.com', '$2y$10$.I1lyPSiMt6N2KXLPsoi6uP2b4elEFjmgGuEFjKPg4zT4H2OEQHzy', 87, 'Participant', NULL, '2015-02-28 09:05:03', '2015-02-28 09:05:03'),
(97, 'atomic@eec.com', '$2y$10$lnH1pHAiR6i7l0tap8YQT.NySTC.ZHH2fwWp2Y8Igk3vrYO8Xcwyi', 88, 'Participant', NULL, '2015-02-28 09:08:38', '2015-02-28 09:08:38'),
(99, 'venom@eec.com', '$2y$10$aQgOcfLOHR87SytUrU.pWu50zqjtD/nl/fp4q55hByPPFhLH8pqtu', 90, 'Participant', NULL, '2015-02-28 09:11:37', '2015-02-28 09:11:37'),
(98, 'smansasi_mpc@eec.com', '$2y$10$V7ae0AUA9E91NjIfiR.yeOAXJktK7n/9eS0tUS.d1UB0NDb8j5clC', 89, 'Participant', NULL, '2015-02-28 09:10:12', '2015-02-28 09:10:12'),
(100, 'donbosco3an@eec.com', '$2y$10$sTqh6Gf9NfcAtJdzhy9g2.HvM19PrpRiSoATcGey8x5VUn0GOlx4a', 91, 'Participant', NULL, '2015-02-28 09:14:02', '2015-02-28 09:14:02'),
(101, 'famous@eec.com', '$2y$10$ML32u9wYvUOk/nwI3K9Jtu2kg.8gYUgNWNwspqniTo4Hps3n2aZnW', 92, 'Participant', NULL, '2015-02-28 09:14:43', '2015-02-28 09:14:43'),
(102, 'glory_of_smanka@eec.com', '$2y$10$TF6RDjSS0QxpJh26N4vAYOla6v61o2ueBsBURPeYK36IR7iufg0Ve', 93, 'Participant', NULL, '2015-02-28 09:15:09', '2015-02-28 09:15:09'),
(103, 'bfc@eec.com', '$2y$10$VXZEs7q3aE2gNw8hYd55muhfkb1f4MT0NOfQJ2oNVf5xv1KufKQIi', 94, 'Participant', NULL, '2015-02-28 09:15:54', '2015-02-28 09:15:54'),
(104, 'smada_d2@eec.com', '$2y$10$JKT8swl1Y/K9iEpotDBMf.p6oZZI3UHFwpgJrjxpL1vDkVmhDbp0i', 95, 'Participant', NULL, '2015-02-28 09:16:21', '2015-02-28 09:16:21'),
(105, 'smanda@eec.com', '$2y$10$rVo5xf/K5.Yv5TfG.ETQvOjHtAaWd27yjRC0CjQ.bBdLkQypzyJyq', 96, 'Participant', NULL, '2015-02-28 09:17:04', '2015-02-28 09:17:04'),
(106, 'poseidon@eec.com', '$2y$10$CGpQC7bSv8Eft.AQHLyk5uPp/QZs1rnNKa/xWFkfkdHF.XmpGQPiq', 97, 'Participant', NULL, '2015-02-28 09:17:38', '2015-02-28 09:17:38'),
(107, 'pemalang@eec.com', '$2y$10$1LQrXV3P6WmTtNyqOsjFaOt/b3b0lVH.bK0tJ0hwupZEAbWTh.4wi', 98, 'Participant', NULL, '2015-02-28 09:18:21', '2015-02-28 09:18:21'),
(108, 'chlorets@eec.com', '$2y$10$B2V3O2g/RTEIc1Kq7yAGluISHTaBzPPoSoVe1yMkgs4lbgx2VEhQ2', 99, 'Participant', NULL, '2015-02-28 09:19:11', '2015-02-28 09:19:11'),
(109, 'elektron@eec.com', '$2y$10$C6XtKu0jtUQ0rKC.OHwQeeWiok206a9x3XCiUwUaGVQs2rbYmytkq', 100, 'Participant', NULL, '2015-02-28 09:20:10', '2015-02-28 09:20:10'),
(110, 'tamtech@eec.com', '$2y$10$wK5pI3VDHn4StOIhYjIhVeOKIRoenvxqbztKpC7/Fjxgh6uH7dOxS', 102, 'Participant', NULL, '2015-02-28 09:21:15', '2015-02-28 09:21:15'),
(111, 'atomic7@eec.com', '$2y$10$J4tzXnwCDjpGGRsypbThd.moEp8sdNtZM0NDTLSkQKED76EEOXREa', 103, 'Participant', NULL, '2015-02-28 09:25:27', '2015-02-28 09:25:27'),
(112, 'shso13@eec.com', '$2y$10$pYa2zoKb777QATYdwUMTguMcaIsjekz512evD92cNA1bt1E8LWdci', 104, 'Participant', NULL, '2015-02-28 09:25:57', '2015-02-28 09:25:58'),
(113, 'gravity@eec.com', '$2y$10$PAKRlG3lzG9gtmLDfkpdIu8lnBN7Jxsc1PYEuvL63koR/csGvvhzS', 105, 'Participant', NULL, '2015-02-28 09:26:33', '2015-02-28 09:26:33'),
(114, 'chargeboys@eec.com', '$2y$10$.VQV7Ndx43gEj4d5MAVMCOQOFWZYku49lk4ls5q9vSn4yM10oiTr2', 106, 'Participant', NULL, '2015-02-28 09:26:44', '2015-02-28 09:26:44'),
(115, 'the_beginning@eec.com', '$2y$10$kJcc9QN6YfAv.Uhs/D1P3e7uxfFHGNrCjWJt5A3M6LNEixzHfWte6', 107, 'Participant', NULL, '2015-02-28 09:27:52', '2015-02-28 09:27:52'),
(116, 'smala@eec.com', '$2y$10$3TggUBYL148wDDghYwoOeOnpfO6DMCDcrqAYk1b9vWAJDH04.QADa', 108, 'Participant', NULL, '2015-02-28 09:28:33', '2015-02-28 09:28:33'),
(117, 'kisekino_sedai@eec.com', '$2y$10$niAu2UGARYoKhwG186fW8OAuK1JLXLmZbWZwl7ZZrWZr7KK6wGnle', 109, 'Participant', NULL, '2015-02-28 09:29:17', '2015-02-28 09:29:17'),
(118, 'srikandi@eec.com', '$2y$10$z0uK/zsPAjQwhXHKoX.2/uTknQq8A3l/5Z/C0OqtVgs7KXKSTLbgi', 110, 'Participant', NULL, '2015-02-28 09:30:20', '2015-02-28 09:30:20'),
(119, 'smansamks@eec.com', '$2y$10$a/u3veqBjzNmTv5vYugJsuKkr9mJsTPQvsxGhgR5R0ayhYjyZym/a', 111, 'Participant', NULL, '2015-02-28 09:30:28', '2015-02-28 09:30:28'),
(120, 'immortal@eec.com', '$2y$10$V/lU9Uyg9ZdiB18PvyLGqufqVYxBt9Orkn2kMIOqS4TKUW7ye1dqu', 112, 'Participant', NULL, '2015-02-28 09:32:01', '2015-02-28 09:32:01'),
(121, 'frenscor@eec.com', '$2y$10$oqcsvtpiwHQNlS8/Pme6duA157DZA2PJppBpTp6V77zzWacfGOvYW', 113, 'Participant', NULL, '2015-02-28 09:33:08', '2015-02-28 09:33:08'),
(122, 'spirit_soul_team@eec.com', '$2y$10$Qlgu9cRjTNsM6jaS4MPNsuaKbV9Pe6vqFq6.TziJjEpsiSNJkjI4m', 114, 'Participant', NULL, '2015-02-28 09:33:30', '2015-02-28 09:33:30'),
(123, 'shield@eec.com', '$2y$10$Xd8Rd9OIpozMhYRlj6XsEOphWcc.W.XYeEuWeWStdaz4xeODC/Uv.', 115, 'Participant', NULL, '2015-02-28 09:34:02', '2015-02-28 09:34:02'),
(124, 'smartergo@eec.com', '$2y$10$Nn7aDKRzCJNxu4Ahs4G4AeBXPc1FhTbzdqIPBFHThpQ8XZp6HGmqu', 116, 'Participant', NULL, '2015-02-28 09:34:18', '2015-02-28 09:34:18'),
(125, 'temali@eec.com', '$2y$10$qWehrySMNMNPxx80LdtykOHUjlmS9YQtGIBX15ANFTzvhJhorkVd6', 117, 'Participant', NULL, '2015-02-28 09:35:54', '2015-02-28 09:35:54'),
(126, 'ncn@eec.com', '$2y$10$1jJ2UUy.etHCyl.rRcJjzecGPv6Cb8nQVVtgRWNU74Yb14Ocvw8bS', 118, 'Participant', NULL, '2015-02-28 09:36:34', '2015-02-28 09:36:34'),
(127, 'castigator@eec.com', '$2y$10$T8B4ikUEyDNDchDKXu.Rtei7xL7PK5bDrv2wjb6Xue2XpspcL.mzW', 119, 'Participant', NULL, '2015-02-28 09:36:53', '2015-02-28 09:36:53'),
(128, 'vincere@eec.com', '$2y$10$ghs5INacdtmueEkeg1T6HeMzbdogVzCxi.Ai52r//LeX6T7DY2tDu', 120, 'Participant', NULL, '2015-02-28 09:37:32', '2015-02-28 09:37:32'),
(129, 'smada_d1@eec.com', '$2y$10$CRcini.hd9Uxa2V1Tv9u5umN0DW0If8qwhyRYKmUqT.HeKl34GXmC', 121, 'Participant', NULL, '2015-02-28 09:42:36', '2015-02-28 09:42:36'),
(130, 'renaissance@eec.com', '$2y$10$iBCb3//gib0/8mirpWuxZuXWoy3qs311Ucoij6KDALqR6nwslcs1.', 122, 'Participant', NULL, '2015-02-28 09:42:40', '2015-02-28 09:42:40'),
(131, 'tanjung@eec.com', '$2y$10$UK.yizPhME43WKi8j4tTjumD0IRX2MbrW16j.NtxR9peJWldyQA46', 123, 'Participant', NULL, '2015-02-28 09:43:26', '2015-02-28 09:43:26'),
(132, 'forte@eec.com', '$2y$10$Lb5Byx25fqrYzl.jIKrjIuIDvK2nMvgVickQRWZSf8s2.oLWA5cnq', 124, 'Participant', NULL, '2015-02-28 09:44:06', '2015-02-28 09:44:06'),
(133, 'anonymous@eec.com', '$2y$10$rFNmRRX.w3pbxPBKP0SHfed7iJvagEsjeDV0cLDzGpwlxVyELvZxe', 125, 'Participant', NULL, '2015-02-28 09:45:00', '2015-02-28 09:45:00'),
(134, 'smada6965@eec.com', '$2y$10$zutN80UB//LMujh3A039H.afQfwBJ8PHG2DCkbPwul1GG.bNmkk9G', 126, 'Participant', NULL, '2015-02-28 09:45:24', '2015-02-28 09:45:24'),
(135, 'gamansas@eec.com', '$2y$10$G95N2.V6h5fv4O9BG9WQ4uNpH5nP0bXBPnGyJPkxNkp85RivcEvfi', 127, 'Participant', NULL, '2015-02-28 09:46:08', '2015-02-28 09:46:08'),
(136, 'solideo_gloria@eec.com', '$2y$10$MlBBifTcC/SQFYJPaeZgjOyYc9KspHYSkQ2NqBKcRCmcWN8gxMJWO', 128, 'Participant', NULL, '2015-02-28 09:46:14', '2015-02-28 09:46:14'),
(137, 'harokah@eec.com', '$2y$10$XsLiwnIlG0KMBQOu/1exQOjDYDGh.Zs.Il2UFGv3dVUmHyI7vVuim', 129, 'Participant', NULL, '2015-02-28 09:47:11', '2015-02-28 09:47:11'),
(138, 'techno_logic@eec.com', '$2y$10$RudxLMvzERCMi93/cZqaVOT9rrO/5FgPMo.aVS928pobqTaAMDHci', 130, 'Participant', NULL, '2015-02-28 09:47:21', '2015-02-28 09:47:21'),
(139, 'mafia@eec.com', '$2y$10$/toL3cZoa0eVJDBqmu0ek.DlmTS.x.xY..DRGhvg7ltvQluM7Jsc6', 131, 'Participant', NULL, '2015-02-28 09:48:04', '2015-02-28 09:48:04'),
(140, 'wololol@eec.com', '$2y$10$ntEKq1mDdvpebWCxuHuZSueJQulrbykibCKlCTES/7SC3jRUqUjzy', 132, 'Participant', NULL, '2015-02-28 09:48:43', '2015-02-28 09:48:43'),
(141, 'sci_fi@eec.com', '$2y$10$lQWsgomAkvzY5rnKAkWBaeTmDTaqyS/8DmF.TNx2ZJbP1hYdp.xYu', 133, 'Participant', NULL, '2015-02-28 09:49:01', '2015-02-28 09:49:01'),
(142, 'the_electrical_voltage@eec.com', '$2y$10$/5jNrGNBWBLO/KWJfmiE1O3hNkbrwS8bwJKNUwYHW.qiO6IzL311m', 134, 'Participant', NULL, '2015-02-28 09:50:13', '2015-02-28 09:50:13'),
(143, 'lotus_1@eec.com', '$2y$10$lLYgp9TRHxxf9yHZkwIO4eyLJXQ5NasvRFMjhQLXvoskLWQ9SbfaK', 135, 'Participant', NULL, '2015-02-28 09:51:00', '2015-02-28 09:51:00'),
(144, 'ganeshaarmy@eec.com', '$2y$10$/SngmZkvx1SRgd.U1m.jWu3E1kdkBlx5UYls5pUaG5H2hV4ob70ay', 136, 'Participant', NULL, '2015-02-28 09:51:09', '2015-02-28 09:51:09'),
(145, 'lotus_2@eec.com', '$2y$10$dD6TE/tmI176lvcKKggQG.WDV1GVCRUt5z.9QJvI3pIlwsaYrriIy', 137, 'Participant', NULL, '2015-02-28 09:52:05', '2015-02-28 09:52:05'),
(146, 'cosmo_smanka@eec.com', '$2y$10$92pgzUwaW5gAMmDzEXBSx.j7PY/AQHIzIGAzdQVdvV1LJSE/RDH4m', 138, 'Participant', NULL, '2015-02-28 09:52:17', '2015-02-28 09:52:17'),
(147, 'muhi@eec.com', '$2y$10$CHpwqNSqfBDQS95YzHnx1ujFHQH4v1HcnBZLTCJ/WhwkyLaJ5ZwC6', 139, 'Participant', NULL, '2015-02-28 09:52:56', '2015-02-28 09:52:56'),
(148, 'muhi_b@eec.com', '$2y$10$KL0Iy6jYaEmMnrjvxtncW.LsV3Fsp5VuGVaDI/l9wgxR5/p5sDMBy', 140, 'Participant', NULL, '2015-02-28 09:54:34', '2015-02-28 09:54:34'),
(149, 'lotus_yk@eec.com', '$2y$10$tyCHqbUTcNFIxi.sfdL05.oJ58ABnJBTJkVyCYsu3azTyi8xwDn2G', 141, 'Participant', NULL, '2015-02-28 09:55:50', '2015-02-28 09:55:50'),
(150, 'success_1@eec.com', '$2y$10$b1n5EYY0dkGM9XhN.tb3XOJbQaoPf17/sNFzwanrHiVhXj/w2km/i', 142, 'Participant', NULL, '2015-02-28 09:56:52', '2015-02-28 09:56:52'),
(151, 'alhamdulillah@eec.com', '$2y$10$dgplFqW0w6Mh1.dz7p6WV.7lp.CB7gyfPVRLw.Y0nagY7FdZY/iiO', 143, 'Participant', NULL, '2015-02-28 09:57:26', '2015-02-28 09:57:26'),
(152, 'success_2@eec.com', '$2y$10$o7XW3cFBvdbM4eaCoqVhlOdSmkweLcOVMkAzpak3u4VliLhzcgAIO', 144, 'Participant', NULL, '2015-02-28 09:57:40', '2015-02-28 09:57:40'),
(153, 'success_3@eec.com', '$2y$10$wPYTgpQ.x493gEnnV0k3eOLeSk.6eTZuvgli3O/lxWbkfo5vFZNEu', 145, 'Participant', NULL, '2015-02-28 09:58:28', '2015-02-28 09:58:28'),
(154, 'girifa@eec.com', '$2y$10$0K3uv6vIwR2hyvSWwAYiQOv6RfQw9SJQdLmtydCFOwlz/NUAQWLI6', 146, 'Participant', NULL, '2015-02-28 09:58:45', '2015-02-28 09:58:45'),
(155, 'bandar@eec.com', '$2y$10$vcWL9pieRgnVW.FqhBqGaesdvDngo60kftBd1rIx/1IqteeSrlSFW', 147, 'Participant', NULL, '2015-02-28 09:59:29', '2015-02-28 09:59:29'),
(156, 'blue_owl@eec.com', '$2y$10$FqAIFM4JRc/aG72C0RKabOL0SGIe7i3P9/n2KMb0UrEh.Dp9uPP.q', 148, 'Participant', NULL, '2015-02-28 09:59:42', '2015-02-28 09:59:42'),
(157, 'bir@eec.com', '$2y$10$lUO20jQil9RXvO9s3FR2BOLuMDgqdKA5cZ3waInykE1/d/kKFzXxe', 149, 'Participant', NULL, '2015-02-28 10:00:23', '2015-02-28 10:00:23'),
(158, 'smansasi_gold@eec.com', '$2y$10$nLaVmXFKd8nzAkctGcd34Ol8Spjoa/qwgsWV99PjMAHEpIDEk1LXq', 150, 'Participant', NULL, '2015-02-28 10:00:46', '2015-02-28 10:00:46'),
(159, 'ypk@eec.com', '$2y$10$gZLNhx2gPNpOvGgXpQPYI..GNuhITCzSOvaBJTfsO36aw6HN9Y4r6', 151, 'Participant', NULL, '2015-02-28 10:01:28', '2015-02-28 10:01:28');

-- --------------------------------------------------------

--
-- Struktur dari tabel `users_admin`
--

CREATE TABLE IF NOT EXISTS `users_admin` (
  `id` int(10) unsigned NOT NULL AUTO_INCREMENT,
  `name` varchar(255) COLLATE utf8_unicode_ci NOT NULL,
  PRIMARY KEY (`id`)
) ENGINE=MyISAM  DEFAULT CHARSET=utf8 COLLATE=utf8_unicode_ci AUTO_INCREMENT=13 ;

--
-- Dumping data untuk tabel `users_admin`
--

INSERT INTO `users_admin` (`id`, `name`) VALUES
(3, 'Adhika Setya'),
(4, 'Hernawan Fa''iz Abdillah'),
(5, 'Shalahudin Al Ayyub'),
(6, 'rahasia'),
(7, 'Andika Sugiyanto'),
(8, 'Yulio Agung Triatno'),
(9, 'Wiko Prasetio Bangun'),
(10, 'Daniel Hotniari Samosir'),
(11, 'M Azizul Fuady'),
(12, 'Kristian Saragih');

-- --------------------------------------------------------

--
-- Struktur dari tabel `users_participant`
--

CREATE TABLE IF NOT EXISTS `users_participant` (
  `id` int(10) unsigned NOT NULL AUTO_INCREMENT,
  `team_name` varchar(30) COLLATE utf8_unicode_ci NOT NULL,
  `member_1` varchar(30) COLLATE utf8_unicode_ci NOT NULL,
  `member_2` varchar(30) COLLATE utf8_unicode_ci DEFAULT NULL,
  `member_3` varchar(30) COLLATE utf8_unicode_ci DEFAULT NULL,
  `school` varchar(40) COLLATE utf8_unicode_ci NOT NULL,
  `exam_status` int(11) NOT NULL DEFAULT '0',
  `exam_time` datetime DEFAULT NULL,
  `score` int(11) DEFAULT NULL,
  PRIMARY KEY (`id`),
  UNIQUE KEY `users_participant_team_name_unique` (`team_name`)
) ENGINE=MyISAM  DEFAULT CHARSET=utf8 COLLATE=utf8_unicode_ci AUTO_INCREMENT=152 ;

--
-- Dumping data untuk tabel `users_participant`
--

INSERT INTO `users_participant` (`id`, `team_name`, `member_1`, `member_2`, `member_3`, `school`, `exam_status`, `exam_time`, `score`) VALUES
(98, 'FWF SMANSA PEMALANG', 'A', 'B', 'C', 'SMA N 1 Pemalang', 0, NULL, NULL),
(97, 'Poseidon', 'a', 'b', 'c', 'SMA UNGGUL DEL', 0, NULL, NULL),
(96, 'RKR SMANDA', 'A', 'B', 'C', 'SMAN 2 Cirebon', 0, NULL, NULL),
(95, 'SMADA D2', 'a', 'b', 'c', 'SMAN 2 DEPOK', 0, NULL, NULL),
(94, 'BFC', 'A', 'B', 'C', 'SMAN 1 Surakarta', 0, NULL, NULL),
(93, 'GLORY OF SMANKA', 'a', 'b', 'c', 'SMA 1 KAJEN', 0, NULL, NULL),
(92, 'FAMOUS 81', 'A', 'B', 'C', 'SMAN 1 Cirebon', 0, NULL, NULL),
(91, 'SMA Don Bosco 3 Absolute Netwo', 'a', 'b', 'c', 'SMA 1 DON BOSCO 3', 0, NULL, NULL),
(90, 'VENOM', 'a', 'b', 'c', 'SMAN 1 MEDAN', 0, NULL, NULL),
(89, 'SMANSASI MPC', 'a', 'b', 'c', 'SMAN 1 BEKASI', 0, NULL, NULL),
(88, 'ATOMIC', 'a', 'b', 'c', 'MAN Insan Cendekia Jambi', 0, NULL, NULL),
(87, 'SMA 68 KELOMPOK 1 017', 'a', 'b', 'c', 'SMAN 68 JAKARTA', 0, NULL, NULL),
(86, 'TREEMUSKITEER', 'A', 'b', 'c', 'SMAN 10 Samarinda', 0, NULL, NULL),
(85, 'SBBS 2015', 'A', 'B', 'C', 'SMA Sragen BBS', 0, NULL, NULL),
(84, 'HAI', 'a', 'b', 'c', 'SMA Sragen BBS', 0, NULL, NULL),
(83, 'Melek Techno', 'A', 'B', 'C', 'SMA N 1 KERTOSONO', 0, NULL, NULL),
(82, 'SAMPAH CUPU', 'a', 'b', 'c', 'SMA Sragen BBS', 0, NULL, NULL),
(81, 'CiptoM1 Single Beriman', 'A', 'B', 'C', 'SMAN2 Cirebon', 0, NULL, NULL),
(80, 'DOA IBU', 'a', 'b', 'c', 'SMAN 68 Jakarta', 0, NULL, NULL),
(79, 'SMAN 1 Pamengkasan', 'A', 'B', 'C', 'SMAN 1 Pamengkasan', 0, NULL, NULL),
(78, 'TOMFIS 3', 'A', 'B', 'C', 'SMA Taruna Nusantara', 0, NULL, NULL),
(77, 'TIM SMA N 1 PURWOREJO', 'A', 'B', 'C', 'SMAN 1 Purworejo', 0, NULL, NULL),
(76, 'LOMANG', 'A', 'B', 'C', 'SMAN 4 SEMARANG', 0, NULL, NULL),
(75, 'Tim Belalang Kupu Kupu', 'A', 'B', 'C', 'SMA PRIBADI BANDUNG', 0, NULL, NULL),
(74, 'TOMFIS 2', 'A', 'B', 'C', 'SMA Taruna Nusantara', 0, NULL, NULL),
(72, 'ZEMITTER', 'A', 'B', 'c', 'SMA Karawang', 0, NULL, NULL),
(73, 'TOMFIS 1', 'A', 'b', 'c', 'SMA Taruna Nusantara', 0, NULL, NULL),
(99, 'Chlorets', 'a', 'b', 'c', 'SMAN 1 PURWOREJO', 0, NULL, NULL),
(100, 'Elektron', 'a', 'b', 'c', 'SMAN 1 SURAKARTA', 0, NULL, NULL),
(103, 'TIM ATOMIC 7', 'A', 'B', 'C', 'MAN INSAN CENDEKIA JAMBI', 0, NULL, NULL),
(102, 'TAMTech', 'a', 'b', 'c', 'SMAN 1 MATARAM', 0, NULL, NULL),
(104, 'SHSO13', 'a', 'b', 'c', 'SMAN 1 MATARAM', 0, NULL, NULL),
(105, 'GRAVITY', 'a', 'b', 'c', 'SMAN 4 DENPANSAR', 0, NULL, NULL),
(106, 'Charge Boys', 'A', 'B', 'C', 'SMA MTA Surakarta', 0, NULL, NULL),
(107, 'THE_BEGINNING', 'A', 'B', 'C', 'SMAN 1 MEDAN', 0, NULL, NULL),
(108, 'The Stars from Smala', 'a', 'b', 'c', 'SMAN 5 Purwokerto', 0, NULL, NULL),
(109, 'KISEKI NO SEDAI', 'A', 'B', 'C', 'SMAN 1 Cibungbulang', 0, NULL, NULL),
(110, 'SRIKANDI', 'a', 'b', 'c', 'SMA Stella Duce 1', 0, NULL, NULL),
(111, 'SMANSAMKS', 'A', 'B', 'C', 'SMA N 1 Makassar', 0, NULL, NULL),
(112, 'IMMORTAL', 'A', 'B', 'C', 'SMAN 10 SAMARINDA', 0, NULL, NULL),
(113, 'FRENSCOR TEAM', 'A', 'B', 'C', 'SMAN 1 Tuban', 0, NULL, NULL),
(114, 'SPIRIT SOUL TEAM', 'a', 'b', 'c', 'SMAN 5 PURWOKERTO', 0, NULL, NULL),
(115, 'SHIELD', 'A', 'B', 'C', 'SMAN 1 BOJONEGORO', 0, NULL, NULL),
(116, 'SMARTERGO', 'a', 'b', 'c', 'SMA NEGERI MODEL TERPADU BOJONEGORO', 0, NULL, NULL),
(117, 'TEMALI', 'a', 'b', 'c', 'SMAN 44 Jakarta', 0, NULL, NULL),
(118, 'NCN', 'A', 'B', 'C', 'SMAN 8 PEKANBARU', 0, NULL, NULL),
(119, 'CASTIGATOR', 'a', 'b', 'c', 'SMAN 1 GRESIK', 0, NULL, NULL),
(120, 'NATUSE VINCERE', 'A', 'B', 'C', 'SMAN 1 SALATIGA', 0, NULL, NULL),
(121, 'SMADA D1', 'a', 'b', 'c', 'SMAN 2 Depok', 0, NULL, NULL),
(122, 'RENAISSANCE', 'A', 'B', 'C', 'SMAN 3 MALANG', 0, NULL, NULL),
(123, 'TANJUNG', 'a', 'b', 'c', 'SMAN 7 PURWOREJO', 0, NULL, NULL),
(124, 'FORTE', 'A', 'B', 'C', 'SMAN 34 JAKARTA', 0, NULL, NULL),
(125, 'ANONYMOUS', 'A', 'B', 'C', 'SMAN 1 BEKASI', 0, NULL, NULL),
(126, 'smada6965', 'a', 'b', 'c', 'SMAN 2 PURWOKERTO', 0, NULL, NULL),
(127, 'GAMANSAS', 'A', 'B', 'C', 'SMAN 1 SEMARANG', 0, NULL, NULL),
(128, 'SOLIDEO GLORIA', 'a', 'b', 'c', 'SMAN 1 MEDAN', 0, NULL, NULL),
(129, 'HAROKAH ASY-SYABAB', 'A', 'B', 'C', 'SMA MTA Surakarta', 0, NULL, NULL),
(130, 'SMANSA -Techno Logic', 'a', 'b', 'c', 'SMAN 1 SURAKARTA', 0, NULL, NULL),
(131, 'Mafia', 'A', 'B', 'C', 'SMAN1 BLORA', 0, NULL, NULL),
(132, 'WOLOLOL', 'a', 'b', 'c', 'SMAN 6 YOGYAKARTA', 0, NULL, NULL),
(133, 'SCI-FI', 'A', 'B', 'C', 'SMAN 68 Jakarta', 0, NULL, NULL),
(134, 'THE ELECTRICAL VOLTAGE', 'a', 'b', 'c', 'SMAN 1 KARAWANG', 0, NULL, NULL),
(135, 'Red Lotus 1', 'A', 'B', 'C', 'SMAN 3 YOGYAKARTA', 0, NULL, NULL),
(136, '#GANESHAARMY', 'A', 'B', 'C', 'SMAN 1 SALATIGA', 0, NULL, NULL),
(137, 'Red Lotus 2', 'A', 'B', 'C', 'SMAN 3 YOGYAKARTA', 0, NULL, NULL),
(138, 'COSMO_SMANKA', 'A', 'B', 'C', 'SMAN 1 SUMBAWA BESAR', 0, NULL, NULL),
(139, 'SMA MUHI A', 'A', 'B', 'C', 'SMA MUHAMMDIYAH 1 YOGYAKARTA', 0, NULL, NULL),
(140, 'SMA MUHI B', 'A', 'B', 'C', 'SMA MUHAMMDIYAH 1 YOGYAKARTA', 0, NULL, NULL),
(141, 'Red Lotus YK', 'A', 'B', 'C', 'SMAN 3 YOGYAKARTA', 0, NULL, NULL),
(142, 'Success 1', 'A', 'B', 'C', 'SMAN 1 YOGYAKARTA', 0, NULL, NULL),
(144, 'Success 2', 'A', 'B', 'C', 'SMAN  1 YOGYAKARTA', 0, NULL, NULL),
(145, 'Success 3', 'A', 'B', 'C', 'SMAN 1 YOGYAKARTA', 0, NULL, NULL),
(146, 'GIRIFA', 'a', 'b', 'c', 'SMAN 1 REMBANG', 0, NULL, NULL),
(147, 'BANDAR KUNJAW', 'A', 'B', 'C', 'SMA PRIBADI BANDUNG', 0, NULL, NULL),
(148, 'BLUE OWL', 'a', 'b', 'c', 'SMAN 2 NGANJUK', 0, NULL, NULL),
(149, 'Bir Iki Uc', 'A', 'B', 'C', 'SMA PRIBADI BANDUNG', 0, NULL, NULL),
(150, 'SMANSASI GOLD', 'a', 'b', 'c', 'SMAN 1 BEKASI', 0, NULL, NULL),
(151, 'SMA YAYASAN PUPUK KALTIM BONTA', 'A', 'B', 'C', 'SMA YAYASAN PUPUK KALTIM BONTANG', 0, NULL, NULL);

/*!40101 SET CHARACTER_SET_CLIENT=@OLD_CHARACTER_SET_CLIENT */;
/*!40101 SET CHARACTER_SET_RESULTS=@OLD_CHARACTER_SET_RESULTS */;
/*!40101 SET COLLATION_CONNECTION=@OLD_COLLATION_CONNECTION */;
